CREATE DATABASE  IF NOT EXISTS `chamada_conexao` /*!40100 DEFAULT CHARACTER SET utf8mb4 COLLATE utf8mb4_0900_ai_ci */ /*!80016 DEFAULT ENCRYPTION='N' */;
USE `chamada_conexao`;
-- MySQL dump 10.13  Distrib 8.0.43, for Win64 (x86_64)
--
-- Host: 31.97.83.209    Database: chamada_conexao
-- ------------------------------------------------------
-- Server version	9.4.0

/*!40101 SET @OLD_CHARACTER_SET_CLIENT=@@CHARACTER_SET_CLIENT */;
/*!40101 SET @OLD_CHARACTER_SET_RESULTS=@@CHARACTER_SET_RESULTS */;
/*!40101 SET @OLD_COLLATION_CONNECTION=@@COLLATION_CONNECTION */;
/*!50503 SET NAMES utf8 */;
/*!40103 SET @OLD_TIME_ZONE=@@TIME_ZONE */;
/*!40103 SET TIME_ZONE='+00:00' */;
/*!40014 SET @OLD_UNIQUE_CHECKS=@@UNIQUE_CHECKS, UNIQUE_CHECKS=0 */;
/*!40014 SET @OLD_FOREIGN_KEY_CHECKS=@@FOREIGN_KEY_CHECKS, FOREIGN_KEY_CHECKS=0 */;
/*!40101 SET @OLD_SQL_MODE=@@SQL_MODE, SQL_MODE='NO_AUTO_VALUE_ON_ZERO' */;
/*!40111 SET @OLD_SQL_NOTES=@@SQL_NOTES, SQL_NOTES=0 */;

--
-- Table structure for table `alunos`
--

DROP TABLE IF EXISTS `alunos`;
/*!40101 SET @saved_cs_client     = @@character_set_client */;
/*!50503 SET character_set_client = utf8mb4 */;
CREATE TABLE `alunos` (
  `id` int NOT NULL AUTO_INCREMENT,
  `nome` varchar(255) NOT NULL,
  `data_nascimento` date DEFAULT NULL,
  `sexo` varchar(1) DEFAULT NULL,
  `telefone` varchar(20) DEFAULT NULL,
  `turma` varchar(10) DEFAULT NULL,
  `turno` varchar(50) DEFAULT NULL,
  `transporte` varchar(100) DEFAULT NULL,
  `Inf` varchar(60) DEFAULT NULL,
  PRIMARY KEY (`id`)
) ENGINE=InnoDB AUTO_INCREMENT=629 DEFAULT CHARSET=utf8mb4 COLLATE=utf8mb4_0900_ai_ci;
/*!40101 SET character_set_client = @saved_cs_client */;

--
-- Dumping data for table `alunos`
--

LOCK TABLES `alunos` WRITE;
/*!40000 ALTER TABLE `alunos` DISABLE KEYS */;
INSERT INTO `alunos` VALUES (264,'Allice Ravena Macedo dos Santos Gama','2015-11-15','F','557582218796','A','Tarde','Onibus Amarelo','Novato 3'),(265,'Ana Beatriz Costa Santos','2013-01-16','F','557599946009','B','Tarde','Onibus Amarelo','Cia. de Dança'),(266,'Ana Laura Santos Silva','2015-06-21','F','557591342874','B','Tarde','Onibus Amarelo','Novato 3'),(267,'Ana Livia Santana da Silva','2015-12-15','F','554791285734','A','Tarde','Onibus Amarelo','Socio'),(268,'Ana Rebeca de Santana','2012-11-03','F','557583342722','A','Tarde','Onibus Amarelo','Orquestra'),(269,'Anielly Jesus dos Santos','2016-05-29','F','557591796039','B','Tarde','Onibus Amarelo','Novato 2'),(270,'Antony Daniel Santos Santana','2014-03-22','M','557582049385','A','Tarde','Onibus Amarelo','Novato 2'),(271,'Arthur Emanuel Santana Gomes Barbosa','2015-12-02','M','557581166851','B','Tarde','Onibus Amarelo',NULL),(272,'Arthur Gabriel da Silva Santana','2013-07-26','M','557583279729','A','Tarde','Onibus Amarelo','Orquestra'),(273,'Aylla Victória dos Santos Santana','2016-09-01','F','557582841207','A','Tarde','Onibus Amarelo',NULL),(274,'Bryan Dantas da Silva','2018-04-12','M','557598518093','B','Tarde','Onibus Amarelo',NULL),(275,'Caliane Macedo Souza','2012-10-06','F','557591876573','B','Tarde','Onibus Amarelo',NULL),(276,'Davi Brito dos Santos','2013-06-26','M','557582749989','B','Tarde','Onibus Amarelo',NULL),(277,'Davi da Silva Batista','2012-05-24','M','7588214074','B','Tarde','Onibus Amarelo','Novato 3'),(278,'Davi Lucas da Conceição','2012-04-28','M','557583580197','B','Tarde','Onibus Amarelo','Novato 2'),(279,'David Lucca de Jesus Almeida','2013-07-09','M','557591159195','A','Tarde','Onibus Amarelo','Novato 2'),(280,'Enzo Gabriel Costa de Jesus','2017-04-27','M','557591708537','A','Tarde','Onibus Amarelo',NULL),(281,'Enzo Gabriel de Jesus','2018-02-04','M','557598592226','B','Tarde','Onibus Amarelo','Socio'),(282,'Enzo Gabriel Santana Ribeiro','2016-03-26','M','557591895316','B','Tarde','Onibus Amarelo','Novato'),(283,'Ester Costa dos Santos','2017-07-19','F','557581308306','A','Tarde','Onibus Amarelo',NULL),(284,'Everton dos Anjos Santana','2015-12-04','M','557598028084','A','Tarde','Onibus Amarelo',NULL),(285,'Ezequiel Rodrigues dos Santos','2017-12-20','M','5575991566265','B','Tarde','Onibus Amarelo','Novato 4'),(286,'Giovana Ferreira Marques','2012-11-01','F','553391592996','B','Tarde','Onibus Amarelo','Cia. de Dança'),(287,'Haylla Sophia Macedo Souza','2018-06-05','F','557591655174','A','Tarde','Onibus Amarelo',NULL),(288,'Hellena Santos de Jesus','2015-11-26','F','557598696135','B','Tarde','Onibus Amarelo',NULL),(289,'Henrique Macedo Rocha','2013-02-18','M','557583422973','B','Tarde','Onibus Amarelo','Novato'),(290,'Herbert dos Reis Oliveira','2013-10-11','M','75992192963','A','Tarde','Onibus Amarelo','Novato 4'),(291,'Isaac Costa dos Santos','2013-09-23','M','557581308306','B','Tarde','Onibus Amarelo',NULL),(292,'Isaac Ferreira de Santana','2018-05-11','M','557581408249','B','Tarde','Onibus Amarelo',NULL),(293,'Isabella Jesus Souza','2011-05-28','F','557599516685','B','Tarde','Onibus Amarelo','Socio'),(294,'Isadora Jesus de Andrade','2017-09-03','F','557591759180','B','Tarde','Onibus Amarelo','Novato 4'),(295,'Jheniffe Alves de Miranda Souza','2015-04-01','F','557591108787','B','Tarde','Onibus Amarelo','Novato 2'),(296,'Jhulia Valentina dos Santos Reis','2019-11-06','F','75991033670','B','Tarde','Onibus Amarelo','Novato 4'),(297,'Joana Lis Ferreira Santos','2017-12-18','F','557591850884','A','Tarde','Onibus Amarelo',NULL),(298,'Joao Pedro Santana Silva','2018-01-15','M','557591354054','B','Tarde','Onibus Amarelo','Novato 2'),(299,'Joao Vitor Santana Silva','2016-03-14','M','557591012012','B','Tarde','Onibus Amarelo',NULL),(300,'Joelma Macêdo de Jesus','2013-02-23','F','557582438558','A','Tarde','Onibus Amarelo',NULL),(301,'José Felipe dos Santos Andrade','2011-04-23','M','557591301713','A','Tarde','Onibus Amarelo',NULL),(302,'Juan Caique dos Santos Rodrigues','2012-03-25','M','557591324447','B','Tarde','Onibus Amarelo','Cia. de Dança'),(303,'Kauã Reis Santos','2013-02-07','M','557581581484','B','Tarde','Onibus Amarelo','Novato'),(304,'Kauan dos Santos Costa','2012-09-24','M','557599533529','B','Tarde','Onibus Amarelo','Socio'),(305,'Kaylane Vitoria Rodrigues Santos','2013-06-22','F','557592154243','B','Tarde','Onibus Amarelo',NULL),(306,'Lara Emanuelly de Jesus dos Santos','2018-03-17','F','557591033670','B','Tarde','Onibus Amarelo','Novato 4'),(307,'Laura Beatriz Alves de Jesus','2013-03-02','F','557592469210','A','Tarde','Onibus Amarelo','Socio'),(308,'Laura Beatriz de Santana Santos','2013-06-02','F','557583436522','B','Tarde','Onibus Amarelo','Cia. de Dança'),(309,'Leandro Ramos Pires','2017-08-21','M','557582909980','B','Tarde','Onibus Amarelo',NULL),(310,'Leoan Silva de Jesus','2013-12-05','M','75992209088','A','Tarde','Onibus Amarelo','Novato 4'),(311,'Leticia Santana de Araujo','2019-08-02','F','557582373862','A','Tarde','Onibus Amarelo','Novato'),(312,'Luan Henrique de Jesus Santos','2015-12-15','M','12982298703','B','Tarde','Onibus Amarelo','Novato 3'),(313,'Luis Bernardo Andrade de Matos','2018-02-06','M','557583041130','A','Tarde','Onibus Amarelo',NULL),(314,'Luis Gabriel de Jesus Santos','2015-10-21','M','557591147286','B','Tarde','Onibus Amarelo',NULL),(315,'Luiz Felipe da Conceição','2015-05-16','M','557583580197','B','Tarde','Onibus Amarelo',NULL),(316,'Luiz Otavio Costa dos Santos Silva','2015-02-02','M','557581884948','A','Tarde','Onibus Amarelo','Novato 2'),(317,'Maria Allyce da Silva Santana Santos','2015-05-05','F','557583279729','B','Tarde','Onibus Amarelo',NULL),(318,'Maria Sara da Conceição','2013-12-04','F','557583580197','B','Tarde','Onibus Amarelo','Cia. de Dança'),(319,'Marianne Araujo SIlva Reis Brito','2016-09-11','F','557592038486','B','Tarde','Onibus Amarelo',NULL),(320,'Melissa Santos Cirqueira','2016-09-18','F','557591793017','B','Tarde','Onibus Amarelo',NULL),(321,'Nathyele Vitoria Silva de Jesus','2016-03-23','F','557591173301','A','Tarde','Onibus Amarelo',NULL),(322,'Nicollas Raphael de Jesus Santos','2019-01-29','M','557592469210','B','Tarde','Onibus Amarelo','Novato 3'),(323,'Noemi Jisseli dos Santos','2015-12-20','F','557592745669','B','Tarde','Onibus Amarelo',NULL),(324,'Otavio Telles Gama','2016-08-05','M','557581080377','B','Tarde','Onibus Amarelo',NULL),(325,'Pedro dos Santos','2016-12-29','M','557598888477','A','Tarde','Onibus Amarelo','Novato'),(326,'Pedro Lucas Jose Costa Santos','2015-12-23','M','557591792520','A','Tarde','Onibus Amarelo',NULL),(327,'Ricardo Santana Santos','2015-10-15','M','557581228830','A','Tarde','Onibus Amarelo',NULL),(328,'Samira Bruna Souza de Jesus','2012-12-09','F','557583279729','B','Tarde','Onibus Amarelo','Cia. de Dança'),(329,'Saulo de Macedo Santana','2016-07-18','M','557582878011','B','Tarde','Onibus Amarelo',NULL),(330,'Saulo Vinicius Souza Ramos','2016-01-21','M','557591443735','B','Tarde','Onibus Amarelo',NULL),(331,'Sophia Andrade Santana Santos','2013-06-11','F','557581116339','A','Tarde','Onibus Amarelo','Cia. de Dança'),(332,'Sophia Batista dos Santos','2018-05-19','F','557591674871','B','Tarde','Onibus Amarelo',NULL),(333,'Thabita Emanoela Cruz de Jesus','2015-04-15','F','557591011239','B','Tarde','Onibus Amarelo',NULL),(334,'Victor Emanuel de Jesus Santana','2015-11-30','M','557592116152','B','Tarde','Onibus Amarelo',NULL),(335,'Vinicius de Oliveira dos Santos','2012-06-28','M','557592593898','A','Tarde','Onibus Amarelo',NULL),(336,'Wesley Santana de Oliveira','2015-11-25','M','75992192963','B','Tarde','Onibus Amarelo','Novato 4'),(337,'Yasmin Vitoria Oliveira de Jesus','2016-01-10','F','557192576068','B','Tarde','Onibus Amarelo',NULL),(338,'Agatha dos Reis Santos','2013-05-06','F','557592294816','A','Tarde','Onibus Branco','Socio'),(339,'Alice Vitoria Ferreira Céu','2013-04-08','F','557599455593','B','Tarde','Onibus Branco',NULL),(340,'Ana Cristina da Cruz Santos','2013-10-01','F','557591242994','A','Tarde','Onibus Branco','Novato 2'),(341,'Ana Pamella Rodrigues de Macedo','2013-12-15','F','557583744323','A','Tarde','Onibus Branco',NULL),(342,'Anna Cecilia de Souza Reis','2013-06-14','F','557582974668','A','Tarde','Onibus Branco','Cia. de Dança'),(343,'Anny Beatriz Alves de Jesus','2014-02-27','F','557592590733','A','Tarde','Onibus Branco','Novato 2'),(344,'Anthony de Oliveira Santos','2018-06-12','M','75999384083','B','Tarde','Onibus Branco','Novato 4'),(345,'Anthony Gabriel Santana dos Santos','2017-05-13','M','557582792271','A','Tarde','Onibus Branco',NULL),(346,'Arthur Ferreira de Santana Leoncio','2015-10-25','M','557583168150','B','Tarde','Onibus Branco','Novato'),(347,'Ayla Pereira de Souza','2019-07-10','F','557599180802','B','Tarde','Onibus Branco','Novato'),(348,'Benjamim Nunes Silva','2018-07-16','M','557599093860','B','Tarde','Onibus Branco',NULL),(349,'Davi Luccas Andrade de Souza','2018-01-24','M','557581094591','A','Tarde','Onibus Branco','Socio'),(350,'Davyd Gabriel Reis Santos','2013-07-29','M','557592588025','B','Tarde','Onibus Branco',NULL),(351,'Ellen Vitoria Silva Cruz','2016-09-24','F','557581094752','A','Tarde','Onibus Branco',NULL),(352,'Emanoel Cerqueira do Carmos','2018-08-08','M','557581771094','B','Tarde','Onibus Branco','Novato'),(353,'Emilly Sofia Neves de Araujo','2016-12-18','F','557598967446','B','Tarde','Onibus Branco','Novato'),(354,'Enzo Emanuel Santana Reis','2017-07-11','M','557592593230','A','Tarde','Onibus Branco','Novato 2'),(355,'Esther Santos de Oliveira ','2013-11-04','F','75982229026','A','Tarde','Onibus Branco','Novato 4'),(356,'Evenly da Silva Reis','2013-12-19','F','557598100161','A','Tarde','Onibus Branco','Novato 2'),(357,'Flavia de Lima Macedo','2012-10-11','F','557591882830','B','Tarde','Onibus Branco',NULL),(358,'Flora Maria de Souza Brito','2016-02-17','F','557193577704','A','Tarde','Onibus Branco','Novato 2'),(359,'Grasielle de Jesus Santos Reis','2015-06-17','F','557591620970','A','Tarde','Onibus Branco',NULL),(360,'Gabrielly Francisca da Silva','2017-12-16','F','557598100161','A','Tarde','Onibus Branco','Novato 4'),(361,'Heitor Gabriel Santana Santos','2016-03-15','M','557582797980','B','Tarde','Onibus Branco','Novato '),(362,'Isaac Oliveira Vital','2017-10-08','M','75992316370','A','Tarde','Onibus Branco','Novato 4'),(363,'Isabela Souza de Santana','2013-09-26','F','557592527243','B','Tarde','Onibus Branco','Orquestra'),(364,'Isabelly Pereira da Silva','2018-07-23','F','557582618800','A','Tarde','Onibus Branco',NULL),(365,'Isabelly Santos Oliveira','2007-04-19','F','557192576068','B','Tarde','Onibus Branco','Orquestra'),(366,'Isaias José de Castro Neto','2011-07-15','M','557583058014','A','Tarde','Onibus Branco',NULL),(367,'João Pedro Ferreira Dantas','2017-07-14','M','557598837663','A','Tarde','Onibus Branco',NULL),(368,'Kaio Eduardo Macêdo da Silva','2013-09-26','M','557591742783','A','Tarde','Onibus Branco',NULL),(369,'Kaique Santos Ribeiro','2012-08-10','M','7599181375','A','Tarde','Onibus Branco','Novato 4'),(370,'Kevilyn Barbosa da Silva','2012-01-05','F','557583632359','B','Tarde','Onibus Branco','Novato 2'),(371,'Lara Sophia de Jesus Reis Rodrigues','2016-08-02','F','557191476644','B','Tarde','Onibus Branco',NULL),(372,'Layla Pereira de Souza','2019-07-10','F','7599180802','B','Tarde','Onibus Branco','Novato'),(373,'Levi Henrique Francisco da Silva Reis','2015-11-09','M','557598100161','A','Tarde','Onibus Branco','Novato 2'),(374,'Levy Gabriel Bitencourt dos Santos','2017-05-27','M','557581531055','B','Tarde','Onibus Branco',NULL),(375,'Livia Rodrigues da Silva','2013-05-23','F','557592768855','A','Tarde','Onibus Branco','Cia. de Dança'),(376,'Lorrana da Silva Santiago','2013-06-25','F','557593172812','A','Tarde','Onibus Branco','Novato'),(377,'Lucas Gabriel Oliveira de Jesus','2018-02-12','M','557192576068','B','Tarde','Onibus Branco',NULL),(378,'Maria Melyssa dos Reis','2016-11-15','F','557599455593','Sim','Tarde','Onibus Branco',NULL),(379,'Maya Lima Ferreira ','2015-08-19','F','557598368901','B','Tarde','Onibus Branco',NULL),(380,'Murillo Wilker Silva Santos','2013-05-31','M','557581921835','A','Tarde','Onibus Branco','Orquestra'),(381,'Natanael Santana de Castro','2014-12-31','M','557583058014','B','Tarde','Onibus Branco',NULL),(382,'Pedro Henrique Ferreira dos Santos','2012-03-02','M','557582250823','A','Tarde','Onibus Branco','Socio'),(383,'Pedro Miguel Souza Bogarim','2018-02-19','M','5512982298703','A','Tarde','Onibus Branco','Novato 3'),(384,'Ruan Bernardo Ribeiro Alves','2013-06-22','M','557591871770','B','Tarde','Onibus Branco',NULL),(385,'Ruan Victor Santana Santos','2017-03-22','M','557591985425','B','Tarde','Onibus Branco',NULL),(386,'Samuel Alves Jesus Marques','2017-08-22','M','557591867212','B','Tarde','Onibus Branco','Novato 2'),(387,'Samuel dos Santos','2017-04-19','M','557598276149','A','Tarde','Onibus Branco',NULL),(388,'Thalita dos Santos de Jesus','2015-09-14','F','557592309313','B','Tarde','Onibus Branco','Socio'),(389,'Thyago Andrade de Santana','2014-11-09','M','557598900748','A','Tarde','Onibus Branco',NULL),(390,'Yan Vitor Araujo Ribeiro','2013-07-19','M','75982994782','A','Tarde','Onibus Branco','Novato'),(391,'Yhudy Reis Santos','2018-03-22','M','557592588025','B','Tarde','Onibus Branco',NULL),(392,'Alisson Santos de Cristo','2011-02-19','M','7598228729','B','Tarde','Onibus Ribeira','Ribeira 2'),(393,'Anna Livia Rodrigues dos Santos','2017-03-13','F','557598955746','B','Tarde','Onibus Ribeira',NULL),(394,'Clara Sophia de Jesus Barbosa ','2019-08-16','F','557599665638','A','Tarde','Onibus Ribeira','Ribeira 2'),(395,'Emilia Silva Barbosa','2017-09-22','F','557599724781','A','Tarde','Onibus Ribeira','Ribeira 2'),(396,'Gabriel Barbosa da Silva','2012-10-12','M','75-999465493','B','Tarde','Onibus Ribeira','Novato 4'),(397,'Gabriela Santos de Souza','2013-04-20','F','11949485739','A','Tarde','Onibus Ribeira','Novato 4'),(398,'Iasmim da Luz Alves','2013-03-25','F','7599548776','A','Tarde','Onibus Ribeira','Ribeira'),(399,'Jainy Gama Silva','2014-07-28','F','557599939104','Sim','Tarde','Onibus Ribeira','Ribeira 2'),(400,'Jaminy Gama dos Santos','2014-07-28','F','557599939104','Sim','Tarde','Onibus Ribeira','Ribeira 2'),(401,'João Guilherme Goes Macedo','2016-08-19','M','557599449138','A','Tarde','Onibus Ribeira','Novato 2'),(402,'Kethilyn da Luz Alves','2018-02-09','F','75 9954-8776','A','Tarde','Onibus Ribeira','Ribeira'),(403,'Laura Ferreira Silva','2019-08-03','F','557598050619','B','Tarde','Onibus Ribeira','Ribeira 2'),(404,'Lavinya Pascoal Santana','2013-11-28','F','7598609909','A','Tarde','Onibus Ribeira','Ribeira 2'),(405,'Lucas Nelson Santana Santos','2017-04-19','M','7598609909','B','Tarde','Onibus Ribeira','Ribeira 2'),(406,'Luísa Barbosa da Silva','2018-06-19','F','75-999465493','B','Tarde','Onibus Ribeira','Novato 4'),(407,'Maria Cecilia Cruz Silva','2016-08-08','F','557598839060','A','Tarde','Onibus Ribeira','Ribeira'),(408,'Mariele dos Santos de Jesus de Jesus Cruz','2012-10-06','F','71997182016','B','Tarde','Onibus Ribeira','Ribeira'),(409,'Matheus dos Santos de Jesus Cruz','2008-11-13','M','71997182016','A','Tarde','Onibus Ribeira','Ribeira'),(410,'Mayza Santana dos Santos','2012-03-06','F','557591148052','B','Tarde','Onibus Ribeira','Orquestra'),(411,'Michel Cruz Silva','2012-02-24','M','557598839060','B','Tarde','Onibus Ribeira','Ribeira'),(412,'Michel Santos Costa','2012-05-05','M','75998586690','B','Tarde','Onibus Ribeira','Ribeira'),(413,'Mirella Santana Silva','2019-04-03','F','557599924645','B','Tarde','Onibus Ribeira','Ribeira 2'),(414,'Nickollas Rangel Santana','2016-12-15','M','557597006700','B','Tarde','Onibus Ribeira','Ribeira 2'),(415,'Raquel Barbosa da Silva','2015-07-26','F','75-999465493','A','Tarde','Onibus Ribeira','Novato 4'),(416,'Sophia Gonçalves de Jesus','2013-11-10','F','75998015617','A','Tarde','Onibus Ribeira','Novato 4'),(417,'Sophia Lima Costa','2011-10-09','F','7598243072','B','Tarde','Onibus Ribeira','Ribeira 2'),(418,'Theo Matos Gomes','2018-12-01','M','5511995180707','B','Tarde','Onibus Ribeira','Ribeira 2'),(419,' Yasmin Vitória de Jesus Santos','2011-10-07','F','7591378514','A','Tarde','Onibus Ribeira','Novato 4'),(420,'Yasmin Ferreira Santana','2016-09-21','F','5511934722820','A','Tarde','Onibus Ribeira','Ribeira'),(421,'Anthony dos Santos Torquato Macedo','2019-06-27','M','557581340860','A','Tarde','Sem transporte','Novato 3'),(422,'Gabriel dos Santos Almeida','2015-07-22','M','557598344337','B','Tarde','Sem transporte',NULL),(423,'Heloisa Matos de Santana','2020-01-24','F','557582086356','A','Tarde','Sem transporte','Novato 2'),(424,'Isaac Alves Ribeiro','2018-06-19','M','557591205718','A','Tarde','Sem transporte',NULL),(425,'Italo de Jesus Santos Cordeiro','2011-12-24','M','557591044663','B','Tarde','Sem transporte','Socio'),(426,'Lahra Rebeca de Castro','2012-07-30','F','557598182361','A','Tarde','Sem transporte','Cia. de Dança'),(427,'Laylla Sofia de Souza Batista','2016-04-09','F','557583355202','A','Tarde','Sem transporte',NULL),(428,'Levi Kauan De Jesus Santos','2016-11-20','M','557591829011','A','Tarde','Sem transporte',NULL),(429,'Lorenna Oliveira de Souza','2018-07-14','F','557591993079','A','Tarde','Sem transporte',NULL),(430,'Lorenzo Oliveira de Souza','2017-06-20','M','557591993079','A','Tarde','Sem transporte',NULL),(431,'Marciel de Oliveira Rocha','2012-10-26','M','557592304614','B','Tarde','Sem transporte',NULL),(432,'Maria Elisa Souza Macedo','2018-11-09','F','557593102971','B','Tarde','Sem transporte','Novato'),(433,'Maria Emanuelle dos Reis Santos','2015-06-14','F','557597016801','A','Tarde','Sem transporte',NULL),(434,'Miguel Lucas de Souza Batista','2012-10-16','M','557583355202','A','Tarde','Sem transporte',NULL),(435,'Marcelo Gois Silva Bento','2015-12-12','M','5513991591842','A','Tarde','Sem transporte','Socio'),(436,'Nérik Aureliano de Jesus','2007-08-28','M','557591344894','A','Tarde','Sem transporte','Orquestra'),(437,'Nathanael Ferreira da Silva','2007-07-10','M','557583348731','B','Tarde','Sem transporte','Orquestra'),(438,'Pedro Ezequiel da Silva Santos','2019-10-06','M','557592541214','B','Tarde','Sem transporte','Novato'),(439,'Ryan dos Santos Silva','2014-03-13','M','557581340860','B','Tarde','Sem transporte',NULL),(440,'Thauan Junior de Jesus Santos','2017-05-24','M','557591460819','B','Tarde','Sem transporte',NULL),(441,'Thayná Oliveira de Souza','2012-02-18','F','557591993079','B','Tarde','Sem transporte',NULL),(442,'Yandra Raquel Ribeiro da Cruz','2020-05-10','F','557591244765','B','Tarde','Sem transporte','Novato 4'),(443,'Allice Oliveira Reis','2016-09-20','F','557583245753','A','Tarde','Van',NULL),(444,'Alici Santos Andrade','2015-05-07','F','557581297461','A','Tarde','Van',NULL),(445,'Ana Beatriz da Silva Santos','2018-04-12','F','7581132941','A','Tarde','Van','Novato 4'),(446,'Eloa Louise de Almeida Gama','2017-04-22','F','7583232165','A','Tarde','Van','Novato'),(447,'Eloá Neves Santos','2019-05-04','F','5511910566150','B','Tarde','Van',NULL),(448,'Enzo Gabriel dos Reis','2017-06-15','M','557583292417','A','Tarde','Van','Novato 2'),(449,'Felipe Hernanes Santos Costa','2012-04-22','M','557181506074','A','Tarde','Van',NULL),(450,'Fredson de Almeida Santana','2015-05-21','M','557582382291','A','Tarde','Van','Novato 3'),(451,'Gustavo Telles Gama','2018-06-17','M','557581080377','A','Tarde','Van',NULL),(452,'Helena Reis Gama','2018-07-20','F','557582817799','A','Tarde','Van',NULL),(453,'Iris Heloa Ramos dos Santos','2017-08-03','F','557583419092','A','Tarde','Van',NULL),(454,'Isis Lourany Ramos dos Santos','2016-02-13','F','557583419092','B','Tarde','Van',NULL),(455,'João Miguel de Almeida Ferreira de Macedo','2019-12-20','M','557582291960','B','Tarde','Van','Novato 3'),(456,'Kaue Cardoso da Gama','2017-05-29','M','557582858056','A','Tarde','Van','Novato 2'),(457,'Kerven Leoncio dos Santos','2013-09-02','M','557591746004','A','Tarde','Van',NULL),(458,'Maite Louise de Almeida Gama','2019-06-18','F','557583232165','A','Tarde','Van','Socio'),(459,'Osvaldo Reis Gama','2016-09-26','M','557582817799','A','Tarde','Van',NULL),(460,'Otavio Telles Gama',NULL,NULL,'557581080377','B','Tarde','Van',NULL),(461,'Pedro Henrique Neves Santos','2016-01-13','M','5511910566150','B','Tarde','Van',NULL),(462,'Pedro Henrique Ribeiro dos Reis','2018-01-22','M','557591520327','B','Tarde','Van',NULL),(463,'Pedro Henrique Santos Andrade','2016-09-19','M','557581297461','A','Tarde','Van',NULL),(464,'Miguel Macedo Santos','2014-04-19','M','551381127995','A','Tarde','Van','Novato 4'),(465,'Ray Samuel Silva Santos','2014-09-29','M','557582303926','B','Tarde','Van','Novato 2'),(466,'Theylla de Jesus Santos','2016-11-30','F','557591792485','B','Tarde','Van',NULL),(467,'Albanice Santos de Jesus','2014-09-27','F','557592912483','B','Manhã','Onibus Amarelo',NULL),(468,'Ana Luiza de Jesus Santos','2013-11-14','F','557598592226','B','Manhã','Onibus Amarelo','Cia. de Dança'),(469,'Ana Paula de Jesus Santos','2015-02-10','F','557598731315','A','Manhã','Onibus Amarelo',NULL),(470,'Andre Gustavo Alves dos Santos','2011-04-03','M','557591726399','A','Manhã','Onibus Amarelo','Socio'),(471,'Anita Leone de Almeida Carvalho','2019-12-17','F','557192067687','B','Manhã','Onibus Amarelo','Novato 2'),(472,'Anna Beatriz Miranda de Brito','2010-10-08','F','557582931579','B','Manhã','Onibus Amarelo',NULL),(473,'Anne Sophia de Castro Soares','2012-11-06','F','557583606622','A','Manhã','Onibus Amarelo','Cia. de Dança'),(474,'Brenno Victor Basto de Santana','2013-07-16','M','557582493887','B','Manhã','Onibus Amarelo','Novato 3'),(475,'Carlos Miguel de Jesus Santos','2010-08-22','M','557591147286','B','Manhã','Onibus Amarelo',NULL),(476,'Cauan Oliveira dos Santos','2011-05-25','M','557592462235','B','Manhã','Onibus Amarelo','Retorno'),(477,'Davi Santos de Santana','2007-06-18','M','75 8283-6204','B','Manhã','Onibus Amarelo','Novato 4'),(478,'Eloa Vitoria da Silva de Jesus','2016-09-10','F','75992209088','A','Manhã','Onibus Amarelo','Novato 4'),(479,'Emanuelly Reis Alves Dionisio','2014-11-27','F','557592034345','B','Manhã','Onibus Amarelo',NULL),(480,'Emilly Maria da Conceição Santos','2019-07-05','F','557591829014','B','Manhã','Onibus Amarelo','Novato 2'),(481,'Emilly Sophia Almeida Silva','2012-09-10','F',' 75 991672024','A','Manhã','Onibus Amarelo','Novato 4'),(482,'Emtoni Araujo de Souza','2016-07-31','M','7591662862','B','Manhã','Onibus Amarelo',NULL),(483,'Edgar Valentim Dias Costa','2019-04-13','M','75983525622','A','Manhã','Onibus Amarelo','Novato 4'),(484,'Evelyn Ferreira de Jesus','2019-07-29','F','557592470487','A','Manhã','Onibus Amarelo','Novato 4'),(485,'Enzo Daví Batista de Santana','2014-07-28','M','557581963727','A','Manhã','Onibus Amarelo',NULL),(486,'Enzo Emmanoel de Jesus Santos ','2013-02-07','M','557582382051','B','Manhã','Onibus Amarelo','Novato 4'),(487,'Evelyn Laviny dos Santos Santana','2012-07-29','F','557592307265','B','Manhã','Onibus Amarelo','Novato'),(488,'Enzo Gabriel Borges Rocha','2015-12-04','M','557591316754','A','Manhã','Onibus Amarelo','Novato 4'),(489,'Enzo Gabriel de Jesus Santos','2019-06-17','M','557598731315','A','Manhã','Onibus Amarelo','Novato 4'),(490,'Estefany Rillary dos Santos ','2009-03-20','F','557592745669','A','Manhã','Onibus Amarelo',NULL),(491,'Felipe Samuel Costa Santos','2018-02-14','M','557591792520','A','Manhã','Onibus Amarelo','Novato 2'),(492,'Filipe David Silva Cosme ','2011-10-31','M','557583144231','B','Manhã','Onibus Amarelo',NULL),(493,'Fernanda Santos de jesus','2019-09-08','F','75991303872','B','Manhã','Onibus Amarelo','Novato 4'),(494,'Gabriela Santana da Silva','2014-01-15','F','557591863221','B','Manhã','Onibus Amarelo','Novato 2'),(495,'Guilherme Santana dos Santos','2014-06-15','M','5511986958279','B','Manhã','Onibus Amarelo',NULL),(496,'Gustavo Santana dos Santos','2018-02-19','M','5511986958279','B','Manhã','Onibus Amarelo',NULL),(497,'Helena Jesus Ribeiro','2019-12-25','F','557591305338','B','Manhã','Onibus Amarelo','Novato 2'),(498,'Heloisa Santos de Santana','2019-10-23','F','557592176020','A','Manhã','Onibus Amarelo','Novato 4'),(499,'Iago Vitor Conceição Silva Miranda','2016-04-27','M','557581904236','A','Manhã','Onibus Amarelo','Novato'),(500,'Isis Basto de Santana','2020-05-20','F','557582493887','A','Manhã','Onibus Amarelo','Novato 4'),(501,'Izaias Mathias Macedo Alves','2019-04-08','M','557591876573','B','Manhã','Onibus Amarelo',NULL),(502,'Jasmine Macêdo de Jesus','2016-06-03','F','557582438558','A','Manhã','Onibus Amarelo',NULL),(503,'Jonas Gabriel Souza de Jesus','2011-08-06','M','557583279729','A','Manhã','Onibus Amarelo','Retorno'),(504,'Juan Carlos Santana de Jesus','2011-11-09','M','557591560572','B','Manhã','Onibus Amarelo','Novato'),(505,'Julia Santos Rosa','2016-07-30','F','557591400285','A','Manhã','Onibus Amarelo','Novato'),(506,'Kauã Vinicius dos Santos','2016-07-04','M','557591033670','B','Manhã','Onibus Amarelo','Novato 4'),(507,'Kelven Victor Santos da Silva','2019-11-09','M','557197362697','A','Manhã','Onibus Amarelo','Novato 4'),(508,'Kevin Macêdo dos Reis','2015-01-12','M','557592305348','A','Manhã','Onibus Amarelo',NULL),(509,'Laura Sofia Andrade dos Santos','2015-02-10','F','557591182590','B','Manhã','Onibus Amarelo',NULL),(510,'Laura Valentina Palma Feitosa','2020-04-09','F','75 8825-6678','A','Manhã','Onibus Amarelo','Novato 4'),(511,'Levi Junior Moura dos Santos','2017-01-27','M','557582614055','B','Manhã','Onibus Amarelo',NULL),(512,'Lívia Santana Alves de Almeida','2020-04-24','F','75 982446820','B','Manhã','Onibus Amarelo','Novato 4'),(513,'Lohana Ramos Pires','2014-09-07','F','557582909980','A','Manhã','Onibus Amarelo',NULL),(514,'Lunna Gabriele Souza dos Santos','2014-09-05','F','557599244344','B','Manhã','Onibus Amarelo',NULL),(515,'Lunna Lara Andrade dos Santos','2010-11-09','F','557591182590','A','Manhã','Onibus Amarelo','Cia. de Dança'),(516,'Maisa Santana Alves de Almeida','2018-05-25','F','557582756009','B','Manhã','Onibus Amarelo',NULL),(517,'Maria Luiza Rocha de Santana','2019-02-19','F','557597096818','B','Manhã','Onibus Amarelo',NULL),(518,'Maria Victoria Ribeiro da Silva','2016-08-23','F','557581903347','A','Manhã','Onibus Amarelo',NULL),(519,'Matheus Gabriel Santos Costa','2010-12-14','M','557181506074','B','Manhã','Onibus Amarelo',NULL),(520,'Miguel de Santana Rodrigues','2020-05-20','M','557599694683','B','Manhã','Onibus Amarelo','Novato 4'),(521,'Moises Macedo Alves','2016-10-17','M','557591876573','B','Manhã','Onibus Amarelo',NULL),(522,'Noemy Vitória Macedo Rocha','2015-03-28','F','557583422973','A','Manhã','Onibus Amarelo','Novato 4'),(523,'Otávio Santana Badeca','2018-09-01','M','75 8159-9058','B','Manhã','Onibus Amarelo','Novato 4'),(524,'Pedro Henrique da Silva Santos','2009-05-28','M','557591595291','A','Manhã','Onibus Amarelo',NULL),(525,'Pedro Lucas Ramos Pires','2010-10-28','M','557582909980','A','Manhã','Onibus Amarelo','Orquestra'),(526,'Rebeca Vitoria Santos Cirqueira','2014-10-22','F','557591793017','B','Manhã','Onibus Amarelo',NULL),(527,'Sidney Teles de Oliveira Junior','2010-07-07','M','557592309528','B','Manhã','Onibus Amarelo','Novato 2'),(528,'Vittório Beckem Conceição Silva','2014-10-23','M','557598340392','B','Manhã','Onibus Amarelo',NULL),(529,'Vitoria Cecilia Santana Ramos','2014-10-03','F','557591697982','A','Manhã','Onibus Amarelo',NULL),(530,'Wallace Daniel Moreira de Paula','2012-03-02','M','557582028300','B','Manhã','Onibus Amarelo','Novato 4'),(531,'Weverton Ferreira de Jesus','2011-01-12','M','557592470487','A','Manhã','Onibus Amarelo',NULL),(532,'Yanne Vitoria Matos de Santana','2013-04-02','F','557582086356','A','Manhã','Onibus Amarelo','Orquestra'),(533,'Alana Souza Costa','2012-05-20','F','557583541381','A','Manhã','Onibus Branco','Novato'),(534,'Albert Matheus da Guia Santos','2009-08-15','M','557598273995','A','Manhã','Onibus Branco',NULL),(535,'Ana Hámilly de Souza Jesus','2016-06-13','F','557591032710','B','Manhã','Onibus Branco',NULL),(536,'Ana Julia Reis Santos','2010-11-10','F','557592588025','A','Manhã','Onibus Branco',NULL),(537,'Ane Sofya de Jesus Macedo','2017-08-16','F','557591036700','A','Manhã','Onibus Branco',NULL),(538,'Ayla de Santana Alves Conceição','2010-12-17','F','557582778887','A','Manhã','Onibus Branco','Orquestra'),(539,'Arthur Oliveira Reis','2012-04-25','M','557593023049','A','Manhã','Onibus Branco','Novato'),(540,'Beatriz Josefa Soares Ribeiro','2014-01-18','F','557591660828','A','Manhã','Onibus Branco','Cia. de Dança'),(541,'Carlos Pietro Ferreira de Santana','2017-06-06','M','557583168150','A','Manhã','Onibus Branco','Novato '),(542,'Cauã Santos Matos Araujo','2010-02-06','M','557581005069','A','Manhã','Onibus Branco','Orquestra'),(543,'Fernanda Silva Cruz','2011-08-14','F','557581094752','A','Manhã','Onibus Branco','Cia. de Dança'),(544,'Guilherme Nunes e Silva','2011-01-28','M','557599093860','B','Manhã','Onibus Branco',NULL),(545,'Hiron Santana dos Santos','2017-09-29','M','5511958058728','B','Manhã','Onibus Branco','Novato 2'),(546,'Isaac Matos de Oliveira','2015-03-18','M','557591335202','B','Manhã','Onibus Branco',NULL),(547,'Isabela Sophia de Matos de Castro','2015-01-13','F','557591974823','A','Manhã','Onibus Branco',NULL),(548,'Isabella Souza de Jesus','2019-02-06','F','557591032710','A','Manhã','Onibus Branco','Novato 2'),(549,'Joao Davi Bispo de Santana','2011-05-09','M','557597163515','A','Manhã','Onibus Branco',NULL),(550,'João Pedro dos Santos Santana','2010-11-11','M','557592400078','B','Manhã','Onibus Branco','Orquestra'),(551,'José Gabriel dos Santos','2011-08-11','M','557581975478','B','Manhã','Onibus Branco','Orquestra'),(552,'Julia Santos Silva','2011-05-13','F','557592055214','B','Manhã','Onibus Branco','Orquestra'),(553,'Laura Santos Silva','2014-10-28','F','557581932306','A','Manhã','Onibus Branco',NULL),(554,'Laura Valentina Palma Feitosa',NULL,NULL,'75 8825-6678','A','Manhã','Onibus Branco',NULL),(555,'Levy de Souza Santos','2017-08-04','M','557599777644','A','Manhã','Onibus Branco',NULL),(556,'Lorenzo Barbosa da Silva','2017-08-22','M','557583632359','B','Manhã','Onibus Branco',NULL),(557,'Luan de Jesus Nunes','2016-10-30','M','557599559085','B','Manhã','Onibus Branco',NULL),(558,'Marcio Henrique dos Santos','2008-01-29','M','557583055746','B','Manhã','Onibus Branco','Orquestra'),(559,'Marcus Paulo Souza Bitencourt Muricy','2016-05-06','M','557581005069','A','Manhã','Onibus Branco',NULL),(560,'Maria Eduarda da Palma Santos','2011-06-27','F','557583055746','A','Manhã','Onibus Branco',NULL),(561,'Micael de Oliveira Rocha','2015-01-15','M','557592304614','A','Manhã','Onibus Branco',NULL),(562,'Miguel dos Santos de Jesus','2016-05-30','M','557583055746','B','Manhã','Onibus Branco',NULL),(563,'Noemi Naara da Cruz Santos','2010-03-01','F','557581242994','A','Manhã','Onibus Branco','Novato 2'),(564,'Paula dos Santos Souza','2016-11-20','F','557591973797','A','Manhã','Onibus Branco',NULL),(565,'Paulo Henrique dos Santos','2007-06-11','M','557598276149','B','Manhã','Onibus Branco',NULL),(566,'Pedro Gabriel Santos de Jesus','2015-11-25','M','5511954393606','A','Manhã','Onibus Branco','Novato 2'),(567,'Pedro Souza de Santana','2010-07-22','M','557592527243','B','Manhã','Onibus Branco','Orquestra'),(568,'Raissa Rosa dos Santos Santana','2011-01-16','F','557591044699','A','Manhã','Onibus Branco','Orquestra'),(569,'Raul Barbosa Sales','2015-01-30','M','557591510705','B','Manhã','Onibus Branco','Retorno'),(570,'Ryan Barbosa Sales','2017-01-06','M','557591510705','B','Manhã','Onibus Branco','Retorno'),(571,'Suri Maria Alves Anderson','2014-06-12','F','11957966428','B','Manhã','Onibus Branco','Novato 4'),(572,'Sophia Andrade Leoncio','2014-08-18','F','557591769128','A','Manhã','Onibus Branco','Socio'),(573,'Thaylla Marinho dos Reis','2016-10-24','F','557598313387','B','Manhã','Onibus Branco',NULL),(574,'Thyciane Santana dos Santos','2016-05-09','F','5511958058728','A','Manhã','Onibus Branco','Novato 2'),(575,'Vitória dos Santos Oliveira','2012-01-17','F','557583055746','B','Manhã','Onibus Branco','Orquestra'),(576,'Ágata Lane dos Santos de Jesus Cruz','2010-12-06','F','71997182016','A','Manhã','Onibus Ribeira','Ribeira'),(577,'Ana Julia de Jesus Santos','2015-08-25','F','557597005593','A','Manhã','Onibus Ribeira','Novato 2'),(578,'Arthur Gabriel de Jesus Santos','2017-02-15','M','557597005593','B','Manhã','Onibus Ribeira',NULL),(579,'Chris Dafne Solidade Santos ','2013-05-30','F','557599138178','B','Manhã','Onibus Ribeira','Novato 4'),(580,'Davy Santana dos Santos','2014-04-14','M','75991148052','B','Manhã','Onibus Ribeira','Novato 4'),(581,'Elisia da luz Alves','2016-02-18','F','75 9954-8776','B','Manhã','Onibus Ribeira','Ribeira'),(582,'Gabriel Santos Nascimento','2014-05-19','M','557592403628','B','Manhã','Onibus Ribeira',NULL),(583,'Geovanna de Jesus Matos reis','2017-11-01','F','5575998547875','A','Manhã','Onibus Ribeira','Ribeira'),(584,'Ingryd Victorya dos Santos Santana','2014-01-09','F','557598445441','A','Manhã','Onibus Ribeira','Ribeira 2'),(585,'Isllany Beatriz de Jesus dos Santos Macedo','2013-04-03','F','554896667969','B','Manhã','Onibus Ribeira','Novato 4'),(586,'Janayna Dantas de jesus Matos Bispo','2014-03-08','F','5575998547875','B','Manhã','Onibus Ribeira','Ribeira'),(587,'Katiany Isabel Santana Tavares','2011-09-03','F','7597006700','A','Manhã','Onibus Ribeira','Ribeira 2'),(588,'Keissy Isabelly Santana Tavares','2011-09-03','F','7597006700','A','Manhã','Onibus Ribeira','Ribeira 2'),(589,'Lara Beatriz de Jesus Badaró','2012-08-16','F','557598798768','A','Manhã','Onibus Ribeira','Cia. de Dança'),(590,'Lara Sophia de Jesus Cristo','2012-04-10','F','75) 9 9982 4003','B','Manhã','Onibus Ribeira','Ribeira'),(591,'Lohanne Vitoria Macedo Santos','2015-08-10','F','557592911836','B','Manhã','Onibus Ribeira',NULL),(592,'Luiz Henrique de Jesus Silva','2016-06-20','M','557599717781','B','Manhã','Onibus Ribeira','Ribeira 2'),(593,'Marcos Josiel Santos Reis','2010-05-04','M','5575997091851','B','Manhã','Onibus Ribeira','Ribeira'),(594,'Maria Eduarda da Silva Cruz','2011-03-05','F','557196835627','A','Manhã','Onibus Ribeira',NULL),(595,'Maria Eduarda do Nascimento Araujo','2017-03-03','F','557592498602','B','Manhã','Onibus Ribeira','Novato'),(596,'Mayanny Barros de Santana','2015-06-27','F','557592050907','A','Manhã','Onibus Ribeira',NULL),(597,'Maysa Ivanize Barros de Santana','2016-09-29','F','557592050907','A','Manhã','Onibus Ribeira',NULL),(598,'Miguel de Jesus Santos','2016-09-27','M','557591378514','A','Manhã','Onibus Ribeira','Novato'),(599,'Paulo Henrique de Jesus Santos','2015-04-28','M','557599237086','B','Manhã','Onibus Ribeira','Novato 4'),(600,'Rebeka de Jesus Santana','2016-10-19','F','557591527412','B','Manhã','Onibus Ribeira',NULL),(601,'Samuel de Jesus Matos Bispo','2016-06-10','M','7599785189','A','Manhã','Onibus Ribeira','Ribeira'),(602,'Sophia Vitoria de Melo Santana','2015-01-12','F','557581106979','A','Manhã','Onibus Ribeira',NULL),(603,'Thaemilly de Jesus Cristo','2014-01-07','F','7599824003','B','Manhã','Onibus Ribeira','Ribeira'),(604,'Thailane Miranda dos Santos','2014-05-01','F','557591491959','A','Manhã','Onibus Ribeira','Novato 2'),(605,'Victoria de Jesus Badaró','2018-02-20','F','557598798768','B','Manhã','Onibus Ribeira',NULL),(606,'Ycaro de Jesus Santos','2014-07-02','M','557591378514','A','Manhã','Onibus Ribeira','Novato'),(607,'Crislane de Jesus Santos','2011-05-22','F','557591829011','A','Manhã','Sem transporte',NULL),(608,'Denzel Washington de Jesus Almeida','2008-06-26','M','557591159195','B','Manhã','Sem transporte','Orquestra'),(609,'Eliebert Francisco Ribeiro','2009-08-18','M','557591244765','B','Manhã','Sem transporte',NULL),(610,'Isabela Sophia de Matos de Castro',NULL,NULL,'557591974823','A','Manhã','Sem transporte',NULL),(611,'Marcelo de Oliveira Rocha','2011-03-11','M','557592304614','B','Manhã','Sem transporte',NULL),(612,'Milena Sophya Tavares dos Santos','2014-06-04','F','557581981332','A','Manhã','Sem transporte',NULL),(613,'Nycole Pietra de Jesus Santos Macedo','2014-06-28','F','7591545418','A','Manhã','Sem transporte',NULL),(614,'Alícia Santana Reis','2012-11-09','F','557582715386','B','Manhã','Van','Orquestra'),(615,'Angelo Miranda dos Santos','2010-01-04','M','557582801220','A','Manhã','Van','Orquestra'),(616,'Emanuela Almeida Estevam','2014-03-13','F','557583710963','B','Manhã','Van','Socio'),(617,'Erica dos Santos  de Jesus','2012-01-23','F','557582679667','A','Manhã','Van','Novato 4'),(618,'Esther Rhavilla Santos','2018-06-27','F','557591070509','A','Manhã','Van','Novato'),(619,'Gleyson Ryan Quinto dos Santos','2016-09-21','M','557583647174','B','Manhã','Van',NULL),(620,'Hian Lucas Santos Souza','2014-03-25','M','557591871075','B','Manhã','Van',NULL),(621,'Isabela da Silva Santos','2012-05-31','F','557581132941','B','Manhã','Van','Cia. de Dança'),(622,'Kaylla Emanuelly Quinto de Santana','2019-01-15','F','557583647174','A','Manhã','Van',NULL),(623,'Maria Clara Jovencia dos Santos','2011-12-04','F','557582618662','B','Manhã','Van','Novato 2'),(624,'Melyssa de Santana Reis','2011-05-27','F','557582715386','A','Manhã','Van','Orquestra'),(625,'Miguel Dantas de Assis','2014-06-29','M','557598802463','A','Manhã','Van',NULL),(626,'Nicolas Costa Gama','2020-05-13','M','554888506337','B','Manhã','Van','Novato 4'),(627,'Pyetro Reis Telles','2011-05-25','M','557598700605','B','Manhã','Van','Novato 2'),(628,'Shawana dos Santos Coutinho ','2013-11-13','F','75981916065','B','Manhã','Van','Novato 4');
/*!40000 ALTER TABLE `alunos` ENABLE KEYS */;
UNLOCK TABLES;

--
-- Table structure for table `atividades`
--

DROP TABLE IF EXISTS `atividades`;
/*!40101 SET @saved_cs_client     = @@character_set_client */;
/*!50503 SET character_set_client = utf8mb4 */;
CREATE TABLE `atividades` (
  `idatividades` int NOT NULL AUTO_INCREMENT,
  `nome` varchar(60) DEFAULT NULL,
  `idprofessor` int DEFAULT NULL,
  PRIMARY KEY (`idatividades`)
) ENGINE=InnoDB AUTO_INCREMENT=20 DEFAULT CHARSET=utf8mb4 COLLATE=utf8mb4_0900_ai_ci;
/*!40101 SET character_set_client = @saved_cs_client */;

--
-- Dumping data for table `atividades`
--

LOCK TABLES `atividades` WRITE;
/*!40000 ALTER TABLE `atividades` DISABLE KEYS */;
INSERT INTO `atividades` VALUES (1,'Sala',20),(2,'Roçallys',14),(3,'Esio',6),(4,'Jazz III',18),(5,'Eloilson',5),(6,'Raquel Brito',11),(7,'Vagner',17),(8,'Romário',13),(9,'Coral',9),(10,'Musicalização',11),(11,'Romário',13),(12,'Jazz I',18),(13,'Leonardo',9),(14,'Bale III',18),(15,'Jazz II',18),(16,'Balé III',18),(17,'Balé I',18),(18,'Balé II',18),(19,'Aula Tech',19);
/*!40000 ALTER TABLE `atividades` ENABLE KEYS */;
UNLOCK TABLES;

--
-- Table structure for table `chamada_conexao`
--

DROP TABLE IF EXISTS `chamada_conexao`;
/*!40101 SET @saved_cs_client     = @@character_set_client */;
/*!50503 SET character_set_client = utf8mb4 */;
CREATE TABLE `chamada_conexao` (
  `id` int NOT NULL AUTO_INCREMENT,
  `evento` varchar(255) NOT NULL,
  `detalhes` text,
  `timestamp` timestamp NULL DEFAULT CURRENT_TIMESTAMP,
  PRIMARY KEY (`id`)
) ENGINE=InnoDB DEFAULT CHARSET=utf8mb4 COLLATE=utf8mb4_0900_ai_ci;
/*!40101 SET character_set_client = @saved_cs_client */;

--
-- Dumping data for table `chamada_conexao`
--

LOCK TABLES `chamada_conexao` WRITE;
/*!40000 ALTER TABLE `chamada_conexao` DISABLE KEYS */;
/*!40000 ALTER TABLE `chamada_conexao` ENABLE KEYS */;
UNLOCK TABLES;

--
-- Table structure for table `matricula`
--

DROP TABLE IF EXISTS `matricula`;
/*!40101 SET @saved_cs_client     = @@character_set_client */;
/*!50503 SET character_set_client = utf8mb4 */;
CREATE TABLE `matricula` (
  `idmatricula` int NOT NULL AUTO_INCREMENT,
  `idaluno` int DEFAULT NULL,
  `idatividades` int DEFAULT NULL,
  `turno` varchar(45) DEFAULT NULL,
  `horario` varchar(45) DEFAULT NULL,
  `dia_semana` varchar(45) DEFAULT NULL,
  PRIMARY KEY (`idmatricula`)
) ENGINE=InnoDB AUTO_INCREMENT=1442 DEFAULT CHARSET=utf8mb4 COLLATE=utf8mb4_0900_ai_ci;
/*!40101 SET character_set_client = @saved_cs_client */;

--
-- Dumping data for table `matricula`
--

LOCK TABLES `matricula` WRITE;
/*!40000 ALTER TABLE `matricula` DISABLE KEYS */;
INSERT INTO `matricula` VALUES (1,576,1,'Manhã','Horário 1','Segunda'),(2,338,1,'Tarde','Horário 1','Segunda'),(3,533,1,'Manhã','Horário 1','Segunda'),(4,467,2,'Manhã','Horário 1','Segunda'),(5,534,1,'Manhã','Horário 1','Segunda'),(6,339,3,'Tarde','Horário 1','Segunda'),(7,444,1,'Tarde','Horário 1','Segunda'),(8,614,4,'Manhã','Horário 1','Segunda'),(9,392,5,'Tarde','Horário 1','Segunda'),(10,443,1,'Tarde','Horário 1','Segunda'),(11,264,1,'Tarde','Horário 1','Segunda'),(12,265,5,'Tarde','Horário 1','Segunda'),(13,445,1,'Tarde','Horário 1','Segunda'),(14,340,1,'Tarde','Horário 1','Segunda'),(15,535,6,'Manhã','Horário 1','Segunda'),(16,577,1,'Manhã','Horário 1','Segunda'),(17,536,1,'Manhã','Horário 1','Segunda'),(18,266,2,'Tarde','Horário 1','Segunda'),(19,267,1,'Tarde','Horário 1','Segunda'),(20,468,4,'Manhã','Horário 1','Segunda'),(21,341,1,'Tarde','Horário 1','Segunda'),(22,469,1,'Manhã','Horário 1','Segunda'),(23,268,1,'Tarde','Horário 1','Segunda'),(24,470,1,'Manhã','Horário 1','Segunda'),(25,537,1,'Manhã','Horário 1','Segunda'),(26,615,1,'Manhã','Horário 1','Segunda'),(27,269,6,'Tarde','Horário 1','Segunda'),(28,471,6,'Manhã','Horário 1','Segunda'),(29,472,5,'Manhã','Horário 1','Segunda'),(30,342,1,'Tarde','Horário 1','Segunda'),(31,393,6,'Tarde','Horário 1','Segunda'),(32,473,1,'Manhã','Horário 1','Segunda'),(33,343,1,'Tarde','Horário 1','Segunda'),(34,344,6,'Tarde','Horário 1','Segunda'),(35,421,1,'Tarde','Horário 1','Segunda'),(36,345,1,'Tarde','Horário 1','Segunda'),(37,270,1,'Tarde','Horário 1','Segunda'),(38,271,2,'Tarde','Horário 1','Segunda'),(39,346,2,'Tarde','Horário 1','Segunda'),(40,272,1,'Tarde','Horário 1','Segunda'),(41,578,6,'Manhã','Horário 1','Segunda'),(42,539,1,'Manhã','Horário 1','Segunda'),(43,538,1,'Manhã','Horário 1','Segunda'),(44,347,7,'Tarde','Horário 1','Segunda'),(45,273,1,'Tarde','Horário 1','Segunda'),(46,540,1,'Manhã','Horário 1','Segunda'),(47,348,6,'Tarde','Horário 1','Segunda'),(48,474,5,'Manhã','Horário 1','Segunda'),(49,274,6,'Tarde','Horário 1','Segunda'),(50,275,5,'Tarde','Horário 1','Segunda'),(51,475,5,'Manhã','Horário 1','Segunda'),(52,541,1,'Manhã','Horário 1','Segunda'),(53,542,1,'Manhã','Horário 1','Segunda'),(54,476,5,'Manhã','Horário 1','Segunda'),(55,579,5,'Manhã','Horário 1','Segunda'),(56,394,1,'Tarde','Horário 1','Segunda'),(57,607,1,'Manhã','Horário 1','Segunda'),(58,276,5,'Tarde','Horário 1','Segunda'),(59,277,5,'Tarde','Horário 1','Segunda'),(60,349,1,'Tarde','Horário 1','Segunda'),(61,477,5,'Manhã','Horário 1','Segunda'),(62,279,1,'Tarde','Horário 1','Segunda'),(63,350,5,'Tarde','Horário 1','Segunda'),(64,580,5,'Manhã','Horário 1','Segunda'),(65,608,3,'Manhã','Horário 1','Segunda'),(66,483,1,'Manhã','Horário 1','Segunda'),(67,609,8,'Manhã','Horário 1','Segunda'),(68,351,1,'Tarde','Horário 1','Segunda'),(69,446,1,'Tarde','Horário 1','Segunda'),(70,447,6,'Tarde','Horário 1','Segunda'),(71,478,1,'Manhã','Horário 1','Segunda'),(72,352,7,'Tarde','Horário 1','Segunda'),(73,616,4,'Manhã','Horário 1','Segunda'),(74,479,2,'Manhã','Horário 1','Segunda'),(75,395,1,'Tarde','Horário 1','Segunda'),(76,480,6,'Manhã','Horário 1','Segunda'),(77,353,6,'Tarde','Horário 1','Segunda'),(78,481,1,'Manhã','Horário 1','Segunda'),(79,482,6,'Manhã','Horário 1','Segunda'),(80,485,1,'Manhã','Horário 1','Segunda'),(81,354,1,'Tarde','Horário 1','Segunda'),(82,486,5,'Manhã','Horário 1','Segunda'),(83,488,1,'Manhã','Horário 1','Segunda'),(84,280,1,'Tarde','Horário 1','Segunda'),(85,281,6,'Tarde','Horário 1','Segunda'),(86,489,1,'Manhã','Horário 1','Segunda'),(87,448,1,'Tarde','Horário 1','Segunda'),(88,282,2,'Tarde','Horário 1','Segunda'),(89,617,1,'Manhã','Horário 1','Segunda'),(90,490,1,'Manhã','Horário 1','Segunda'),(91,283,1,'Tarde','Horário 1','Segunda'),(92,618,1,'Manhã','Horário 1','Segunda'),(93,355,1,'Tarde','Horário 1','Segunda'),(94,484,1,'Manhã','Horário 1','Segunda'),(95,487,5,'Manhã','Horário 1','Segunda'),(96,356,1,'Tarde','Horário 1','Segunda'),(97,284,1,'Tarde','Horário 1','Segunda'),(98,285,6,'Tarde','Horário 1','Segunda'),(99,449,1,'Tarde','Horário 1','Segunda'),(100,491,1,'Manhã','Horário 1','Segunda'),(101,493,9,'Manhã','Horário 1','Segunda'),(102,543,1,'Manhã','Horário 1','Segunda'),(103,492,5,'Manhã','Horário 1','Segunda'),(104,357,3,'Tarde','Horário 1','Segunda'),(105,358,1,'Tarde','Horário 1','Segunda'),(106,450,1,'Tarde','Horário 1','Segunda'),(107,396,5,'Tarde','Horário 1','Segunda'),(108,422,2,'Tarde','Horário 1','Segunda'),(109,582,5,'Manhã','Horário 1','Segunda'),(110,397,1,'Tarde','Horário 1','Segunda'),(111,360,1,'Tarde','Horário 1','Segunda'),(112,583,1,'Manhã','Horário 1','Segunda'),(113,286,5,'Tarde','Horário 1','Segunda'),(114,619,6,'Manhã','Horário 1','Segunda'),(115,359,1,'Tarde','Horário 1','Segunda'),(116,544,5,'Manhã','Horário 1','Segunda'),(117,495,5,'Manhã','Horário 1','Segunda'),(118,496,6,'Manhã','Horário 1','Segunda'),(119,451,1,'Tarde','Horário 1','Segunda'),(120,287,1,'Tarde','Horário 1','Segunda'),(121,361,2,'Tarde','Horário 1','Segunda'),(122,497,6,'Manhã','Horário 1','Segunda'),(123,452,1,'Tarde','Horário 1','Segunda'),(124,288,2,'Tarde','Horário 1','Segunda'),(125,423,1,'Tarde','Horário 1','Segunda'),(126,498,1,'Manhã','Horário 1','Segunda'),(127,289,5,'Tarde','Horário 1','Segunda'),(128,290,1,'Tarde','Horário 1','Segunda'),(129,620,5,'Manhã','Horário 1','Segunda'),(130,545,6,'Manhã','Horário 1','Segunda'),(131,499,1,'Manhã','Horário 1','Segunda'),(132,398,1,'Tarde','Horário 1','Segunda'),(133,584,1,'Manhã','Horário 1','Segunda'),(134,453,1,'Tarde','Horário 1','Segunda'),(135,424,1,'Tarde','Horário 1','Segunda'),(136,291,5,'Tarde','Horário 1','Segunda'),(137,292,2,'Tarde','Horário 1','Segunda'),(138,546,2,'Manhã','Horário 1','Segunda'),(139,362,1,'Tarde','Horário 1','Segunda'),(140,547,1,'Manhã','Horário 1','Segunda'),(141,363,5,'Tarde','Horário 1','Segunda'),(142,293,4,'Tarde','Horário 1','Segunda'),(143,548,1,'Manhã','Horário 1','Segunda'),(144,364,1,'Tarde','Horário 1','Segunda'),(145,365,5,'Tarde','Horário 1','Segunda'),(146,294,6,'Tarde','Horário 1','Segunda'),(147,366,1,'Tarde','Horário 1','Segunda'),(148,500,1,'Manhã','Horário 1','Segunda'),(149,454,2,'Tarde','Horário 1','Segunda'),(150,585,5,'Manhã','Horário 1','Segunda'),(151,425,5,'Tarde','Horário 1','Segunda'),(152,501,6,'Manhã','Horário 1','Segunda'),(153,399,1,'Tarde','Horário 1','Segunda'),(154,400,1,'Tarde','Horário 1','Segunda'),(155,586,4,'Manhã','Horário 1','Segunda'),(156,502,1,'Manhã','Horário 1','Segunda'),(157,295,2,'Tarde','Horário 1','Segunda'),(158,296,6,'Tarde','Horário 1','Segunda'),(159,297,1,'Tarde','Horário 1','Segunda'),(160,549,1,'Manhã','Horário 1','Segunda'),(161,401,1,'Tarde','Horário 1','Segunda'),(162,455,6,'Tarde','Horário 1','Segunda'),(163,550,5,'Manhã','Horário 1','Segunda'),(164,367,1,'Tarde','Horário 1','Segunda'),(165,298,2,'Tarde','Horário 1','Segunda'),(166,299,2,'Tarde','Horário 1','Segunda'),(167,300,1,'Tarde','Horário 1','Segunda'),(168,503,1,'Manhã','Horário 1','Segunda'),(169,301,1,'Tarde','Horário 1','Segunda'),(170,551,5,'Manhã','Horário 1','Segunda'),(171,302,5,'Tarde','Horário 1','Segunda'),(172,504,5,'Manhã','Horário 1','Segunda'),(173,505,1,'Manhã','Horário 1','Segunda'),(174,552,5,'Manhã','Horário 1','Segunda'),(175,368,1,'Tarde','Horário 1','Segunda'),(176,369,1,'Tarde','Horário 1','Segunda'),(177,587,1,'Manhã','Horário 1','Segunda'),(178,303,5,'Tarde','Horário 1','Segunda'),(179,506,9,'Manhã','Horário 1','Segunda'),(180,304,5,'Tarde','Horário 1','Segunda'),(181,456,1,'Tarde','Horário 1','Segunda'),(182,305,4,'Tarde','Horário 1','Segunda'),(183,622,1,'Manhã','Horário 1','Segunda'),(184,588,1,'Manhã','Horário 1','Segunda'),(185,507,1,'Manhã','Horário 1','Segunda'),(186,457,1,'Tarde','Horário 1','Segunda'),(187,402,1,'Tarde','Horário 1','Segunda'),(188,370,5,'Tarde','Horário 1','Segunda'),(189,508,1,'Manhã','Horário 1','Segunda'),(190,426,1,'Tarde','Horário 1','Segunda'),(191,589,1,'Manhã','Horário 1','Segunda'),(192,306,6,'Tarde','Horário 1','Segunda'),(193,590,4,'Manhã','Horário 1','Segunda'),(194,371,6,'Tarde','Horário 1','Segunda'),(195,307,1,'Tarde','Horário 1','Segunda'),(196,308,4,'Tarde','Horário 1','Segunda'),(197,403,7,'Tarde','Horário 1','Segunda'),(198,553,1,'Manhã','Horário 1','Segunda'),(199,509,2,'Manhã','Horário 1','Segunda'),(200,510,1,'Manhã','Horário 1','Segunda'),(201,404,1,'Tarde','Horário 1','Segunda'),(202,372,7,'Tarde','Horário 1','Segunda'),(203,427,1,'Tarde','Horário 1','Segunda'),(204,309,6,'Tarde','Horário 1','Segunda'),(205,310,1,'Tarde','Horário 1','Segunda'),(206,311,1,'Tarde','Horário 1','Segunda'),(207,373,1,'Tarde','Horário 1','Segunda'),(208,511,6,'Manhã','Horário 1','Segunda'),(209,428,1,'Tarde','Horário 1','Segunda'),(210,555,1,'Manhã','Horário 1','Segunda'),(211,374,6,'Tarde','Horário 1','Segunda'),(212,375,1,'Tarde','Horário 1','Segunda'),(213,512,10,'Manhã','Horário 1','Segunda'),(214,513,1,'Manhã','Horário 1','Segunda'),(215,591,2,'Manhã','Horário 1','Segunda'),(216,429,1,'Tarde','Horário 1','Segunda'),(217,556,6,'Manhã','Horário 1','Segunda'),(218,430,1,'Tarde','Horário 1','Segunda'),(219,376,1,'Tarde','Horário 1','Segunda'),(220,557,6,'Manhã','Horário 1','Segunda'),(221,312,2,'Tarde','Horário 1','Segunda'),(222,377,6,'Tarde','Horário 1','Segunda'),(223,405,2,'Tarde','Horário 1','Segunda'),(224,313,1,'Tarde','Horário 1','Segunda'),(225,314,2,'Tarde','Horário 1','Segunda'),(226,406,6,'Tarde','Horário 1','Segunda'),(227,315,2,'Tarde','Horário 1','Segunda'),(228,592,6,'Manhã','Horário 1','Segunda'),(229,316,1,'Tarde','Horário 1','Segunda'),(230,514,2,'Manhã','Horário 1','Segunda'),(231,515,1,'Manhã','Horário 1','Segunda'),(232,516,6,'Manhã','Horário 1','Segunda'),(233,458,1,'Tarde','Horário 1','Segunda'),(234,611,5,'Manhã','Horário 1','Segunda'),(235,435,1,'Tarde','Horário 1','Segunda'),(236,431,8,'Tarde','Horário 1','Segunda'),(237,558,8,'Manhã','Horário 1','Segunda'),(238,593,5,'Manhã','Horário 1','Segunda'),(239,559,1,'Manhã','Horário 1','Segunda'),(240,317,8,'Tarde','Horário 1','Segunda'),(241,407,1,'Tarde','Horário 1','Segunda'),(242,623,4,'Manhã','Horário 1','Segunda'),(243,560,1,'Manhã','Horário 1','Segunda'),(244,594,1,'Tarde','Horário 1','Segunda'),(245,595,6,'Manhã','Horário 1','Segunda'),(246,432,6,'Tarde','Horário 1','Segunda'),(247,433,1,'Tarde','Horário 1','Segunda'),(248,517,6,'Manhã','Horário 1','Segunda'),(249,378,1,'Tarde','Horário 1','Segunda'),(250,318,3,'Tarde','Horário 1','Segunda'),(251,518,1,'Manhã','Horário 1','Segunda'),(252,319,2,'Tarde','Horário 1','Segunda'),(253,408,4,'Tarde','Horário 1','Segunda'),(254,409,1,'Tarde','Horário 1','Segunda'),(255,519,5,'Manhã','Horário 1','Segunda'),(256,379,2,'Tarde','Horário 1','Segunda'),(257,596,1,'Manhã','Horário 1','Segunda'),(258,597,1,'Tarde','Horário 1','Segunda'),(259,410,5,'Tarde','Horário 1','Segunda'),(260,320,2,'Tarde','Horário 1','Segunda'),(261,624,1,'Manhã','Horário 1','Segunda'),(262,561,1,'Manhã','Horário 1','Segunda'),(263,411,5,'Tarde','Horário 1','Segunda'),(264,412,8,'Tarde','Horário 1','Segunda'),(265,625,1,'Manhã','Horário 1','Segunda'),(266,598,1,'Manhã','Horário 1','Segunda'),(267,520,10,'Manhã','Horário 1','Segunda'),(268,562,6,'Manhã','Horário 1','Segunda'),(269,434,1,'Tarde','Horário 1','Segunda'),(270,464,1,'Tarde','Horário 1','Segunda'),(271,612,1,'Manhã','Horário 1','Segunda'),(272,413,7,'Tarde','Horário 1','Segunda'),(273,521,6,'Manhã','Horário 1','Segunda'),(274,380,1,'Tarde','Horário 1','Segunda'),(275,381,2,'Tarde','Horário 1','Segunda'),(276,437,5,'Tarde','Horário 1','Segunda'),(277,321,1,'Tarde','Horário 1','Segunda'),(278,436,1,'Tarde','Horário 1','Segunda'),(279,414,2,'Tarde','Horário 1','Segunda'),(280,626,9,'Manhã','Horário 1','Segunda'),(281,322,6,'Tarde','Horário 1','Segunda'),(282,323,2,'Tarde','Horário 1','Segunda'),(283,563,1,'Manhã','Horário 1','Segunda'),(284,522,1,'Manhã','Horário 1','Segunda'),(285,613,1,'Manhã','Horário 1','Segunda'),(286,459,1,'Tarde','Horário 1','Segunda'),(287,523,9,'Manhã','Horário 1','Segunda'),(288,324,2,'Tarde','Horário 1','Segunda'),(289,564,1,'Manhã','Horário 1','Segunda'),(290,599,2,'Manhã','Horário 1','Segunda'),(291,565,5,'Manhã','Horário 1','Segunda'),(292,325,1,'Tarde','Horário 1','Segunda'),(293,438,7,'Tarde','Horário 1','Segunda'),(294,566,1,'Manhã','Horário 1','Segunda'),(295,524,1,'Manhã','Horário 1','Segunda'),(296,382,1,'Tarde','Horário 1','Segunda'),(297,461,2,'Tarde','Horário 1','Segunda'),(298,462,7,'Tarde','Horário 1','Segunda'),(299,463,1,'Tarde','Horário 1','Segunda'),(300,326,1,'Tarde','Horário 1','Segunda'),(301,525,1,'Manhã','Horário 1','Segunda'),(302,383,1,'Tarde','Horário 1','Segunda'),(303,567,5,'Manhã','Horário 1','Segunda'),(304,627,5,'Manhã','Horário 1','Segunda'),(305,568,1,'Manhã','Horário 1','Segunda'),(306,415,1,'Tarde','Horário 1','Segunda'),(307,569,2,'Manhã','Horário 1','Segunda'),(308,465,8,'Tarde','Horário 1','Segunda'),(309,526,2,'Manhã','Horário 1','Segunda'),(310,600,6,'Manhã','Horário 1','Segunda'),(311,327,1,'Tarde','Horário 1','Segunda'),(312,384,5,'Tarde','Horário 1','Segunda'),(313,385,2,'Tarde','Horário 1','Segunda'),(314,570,6,'Manhã','Horário 1','Segunda'),(315,439,5,'Tarde','Horário 1','Segunda'),(316,328,4,'Tarde','Horário 1','Segunda'),(317,386,2,'Tarde','Horário 1','Segunda'),(318,601,1,'Manhã','Horário 1','Segunda'),(319,387,1,'Tarde','Horário 1','Segunda'),(320,329,2,'Tarde','Horário 1','Segunda'),(321,330,2,'Tarde','Horário 1','Segunda'),(322,628,4,'Manhã','Horário 1','Segunda'),(323,527,5,'Manhã','Horário 1','Segunda'),(324,572,1,'Manhã','Horário 1','Segunda'),(325,331,1,'Tarde','Horário 1','Segunda'),(326,332,2,'Tarde','Horário 1','Segunda'),(327,416,1,'Tarde','Horário 1','Segunda'),(328,417,5,'Tarde','Horário 1','Segunda'),(329,602,1,'Manhã','Horário 1','Segunda'),(330,571,4,'Manhã','Horário 1','Segunda'),(331,333,2,'Tarde','Horário 1','Segunda'),(332,603,4,'Manhã','Horário 1','Segunda'),(333,604,1,'Manhã','Horário 1','Segunda'),(334,388,2,'Tarde','Horário 1','Segunda'),(335,440,2,'Tarde','Horário 1','Segunda'),(336,573,6,'Manhã','Horário 1','Segunda'),(337,441,3,'Tarde','Horário 1','Segunda'),(338,418,7,'Tarde','Horário 1','Segunda'),(339,466,6,'Tarde','Horário 1','Segunda'),(340,389,1,'Tarde','Horário 1','Segunda'),(341,574,1,'Manhã','Horário 1','Segunda'),(342,334,2,'Tarde','Horário 1','Segunda'),(343,605,6,'Manhã','Horário 1','Segunda'),(344,335,1,'Tarde','Horário 1','Segunda'),(345,529,1,'Manhã','Horário 1','Segunda'),(346,575,5,'Manhã','Horário 1','Segunda'),(347,528,2,'Manhã','Horário 1','Segunda'),(348,530,5,'Manhã','Horário 1','Segunda'),(349,336,2,'Tarde','Horário 1','Segunda'),(350,531,1,'Manhã','Horário 1','Segunda'),(351,390,1,'Tarde','Horário 1','Segunda'),(352,442,6,'Tarde','Horário 1','Segunda'),(353,532,1,'Manhã','Horário 1','Segunda'),(354,420,1,'Tarde','Horário 1','Segunda'),(355,419,1,'Tarde','Horário 1','Segunda'),(356,337,2,'Tarde','Horário 1','Segunda'),(357,606,1,'Manhã','Horário 1','Segunda'),(358,391,2,'Tarde','Horário 1','Segunda'),(359,576,5,'Manhã','Horário 1','Terça'),(360,338,5,'Tarde','Horário 1','Terça'),(361,533,5,'Manhã','Horário 1','Terça'),(362,467,1,'Manhã','Horário 1','Terça'),(363,534,5,'Manhã','Horário 1','Terça'),(364,339,1,'Tarde','Horário 1','Terça'),(365,444,2,'Tarde','Horário 1','Terça'),(366,614,1,'Manhã','Horário 1','Terça'),(367,392,1,'Tarde','Horário 1','Terça'),(368,443,6,'Tarde','Horário 1','Terça'),(369,264,2,'Tarde','Horário 1','Terça'),(370,265,1,'Tarde','Horário 1','Terça'),(371,445,6,'Tarde','Horário 1','Terça'),(372,340,5,'Tarde','Horário 1','Terça'),(373,535,1,'Manhã','Horário 1','Terça'),(374,577,6,'Manhã','Horário 1','Terça'),(375,536,5,'Manhã','Horário 1','Terça'),(376,266,1,'Tarde','Horário 1','Terça'),(377,267,2,'Tarde','Horário 1','Terça'),(378,468,1,'Manhã','Horário 1','Terça'),(379,341,5,'Tarde','Horário 1','Terça'),(380,469,6,'Manhã','Horário 1','Terça'),(381,268,5,'Tarde','Horário 1','Terça'),(382,470,5,'Manhã','Horário 1','Terça'),(383,537,2,'Manhã','Horário 1','Terça'),(384,269,1,'Tarde','Horário 1','Terça'),(385,471,1,'Manhã','Horário 1','Terça'),(386,472,1,'Manhã','Horário 1','Terça'),(387,342,5,'Tarde','Horário 1','Terça'),(388,393,1,'Tarde','Horário 1','Terça'),(389,473,5,'Manhã','Horário 1','Terça'),(390,343,5,'Tarde','Horário 1','Terça'),(391,344,1,'Tarde','Horário 1','Terça'),(392,421,6,'Tarde','Horário 1','Terça'),(393,345,12,'Tarde','Horário 1','Terça'),(394,270,2,'Tarde','Horário 1','Terça'),(395,271,1,'Tarde','Horário 1','Terça'),(396,346,1,'Tarde','Horário 1','Terça'),(397,272,5,'Tarde','Horário 1','Terça'),(398,578,1,'Manhã','Horário 1','Terça'),(399,539,5,'Manhã','Horário 1','Terça'),(400,538,5,'Manhã','Horário 1','Terça'),(401,347,1,'Tarde','Horário 1','Terça'),(402,273,6,'Tarde','Horário 1','Terça'),(403,540,6,'Manhã','Horário 1','Terça'),(404,348,1,'Tarde','Horário 1','Terça'),(405,474,1,'Manhã','Horário 1','Terça'),(406,274,1,'Tarde','Horário 1','Terça'),(407,275,1,'Tarde','Horário 1','Terça'),(408,475,1,'Manhã','Horário 1','Terça'),(409,541,2,'Manhã','Horário 1','Terça'),(410,542,5,'Manhã','Horário 1','Terça'),(411,476,1,'Manhã','Horário 1','Terça'),(412,579,1,'Manhã','Horário 1','Terça'),(413,394,7,'Tarde','Horário 1','Terça'),(414,607,5,'Manhã','Horário 1','Terça'),(415,276,1,'Tarde','Horário 1','Terça'),(416,277,1,'Tarde','Horário 1','Terça'),(417,278,1,'Tarde','Horário 1','Terça'),(418,349,6,'Tarde','Horário 1','Terça'),(419,477,1,'Manhã','Horário 1','Terça'),(420,279,5,'Tarde','Horário 1','Terça'),(421,350,1,'Tarde','Horário 1','Terça'),(422,580,1,'Manhã','Horário 1','Terça'),(423,608,1,'Manhã','Horário 1','Terça'),(424,483,5,'Manhã','Horário 1','Terça'),(425,609,1,'Manhã','Horário 1','Terça'),(426,581,1,'Tarde','Horário 1','Terça'),(427,351,6,'Tarde','Horário 1','Terça'),(428,446,6,'Tarde','Horário 1','Terça'),(429,447,1,'Tarde','Horário 1','Terça'),(430,478,2,'Manhã','Horário 1','Terça'),(431,352,1,'Tarde','Horário 1','Terça'),(432,616,1,'Manhã','Horário 1','Terça'),(433,479,1,'Manhã','Horário 1','Terça'),(434,395,2,'Tarde','Horário 1','Terça'),(435,480,1,'Manhã','Horário 1','Terça'),(436,353,1,'Tarde','Horário 1','Terça'),(437,481,5,'Manhã','Horário 1','Terça'),(438,482,1,'Manhã','Horário 1','Terça'),(439,485,6,'Manhã','Horário 1','Terça'),(440,354,6,'Tarde','Horário 1','Terça'),(441,486,1,'Manhã','Horário 1','Terça'),(442,488,2,'Manhã','Horário 1','Terça'),(443,280,6,'Tarde','Horário 1','Terça'),(444,281,1,'Tarde','Horário 1','Terça'),(445,489,7,'Manhã','Horário 1','Terça'),(446,448,6,'Tarde','Horário 1','Terça'),(447,282,1,'Tarde','Horário 1','Terça'),(448,617,5,'Manhã','Horário 1','Terça'),(449,490,5,'Manhã','Horário 1','Terça'),(450,283,6,'Tarde','Horário 1','Terça'),(451,618,7,'Manhã','Horário 1','Terça'),(452,355,5,'Tarde','Horário 1','Terça'),(453,484,7,'Manhã','Horário 1','Terça'),(454,487,1,'Manhã','Horário 1','Terça'),(455,356,8,'Tarde','Horário 1','Terça'),(456,284,2,'Tarde','Horário 1','Terça'),(457,285,1,'Tarde','Horário 1','Terça'),(458,449,5,'Tarde','Horário 1','Terça'),(459,491,7,'Manhã','Horário 1','Terça'),(460,493,1,'Manhã','Horário 1','Terça'),(461,543,5,'Manhã','Horário 1','Terça'),(462,492,1,'Manhã','Horário 1','Terça'),(463,357,1,'Tarde','Horário 1','Terça'),(464,358,2,'Tarde','Horário 1','Terça'),(465,450,2,'Tarde','Horário 1','Terça'),(466,396,1,'Tarde','Horário 1','Terça'),(467,422,1,'Tarde','Horário 1','Terça'),(468,582,1,'Manhã','Horário 1','Terça'),(469,494,1,'Manhã','Horário 1','Terça'),(470,397,5,'Tarde','Horário 1','Terça'),(471,360,6,'Tarde','Horário 1','Terça'),(472,583,2,'Manhã','Horário 1','Terça'),(473,286,1,'Tarde','Horário 1','Terça'),(474,619,1,'Manhã','Horário 1','Terça'),(475,359,2,'Tarde','Horário 1','Terça'),(476,544,1,'Manhã','Horário 1','Terça'),(477,495,1,'Manhã','Horário 1','Terça'),(478,496,1,'Manhã','Horário 1','Terça'),(479,451,6,'Tarde','Horário 1','Terça'),(480,287,12,'Tarde','Horário 1','Terça'),(481,361,1,'Tarde','Horário 1','Terça'),(482,497,1,'Manhã','Horário 1','Terça'),(483,452,6,'Tarde','Horário 1','Terça'),(484,288,1,'Tarde','Horário 1','Terça'),(485,423,12,'Tarde','Horário 1','Terça'),(486,498,7,'Manhã','Horário 1','Terça'),(487,289,1,'Tarde','Horário 1','Terça'),(488,290,5,'Tarde','Horário 1','Terça'),(489,620,1,'Manhã','Horário 1','Terça'),(490,545,1,'Manhã','Horário 1','Terça'),(491,499,2,'Manhã','Horário 1','Terça'),(492,398,5,'Tarde','Horário 1','Terça'),(493,584,5,'Manhã','Horário 1','Terça'),(494,453,6,'Tarde','Horário 1','Terça'),(495,424,6,'Tarde','Horário 1','Terça'),(496,291,1,'Tarde','Horário 1','Terça'),(497,292,1,'Tarde','Horário 1','Terça'),(498,546,1,'Manhã','Horário 1','Terça'),(499,362,6,'Tarde','Horário 1','Terça'),(500,621,1,'Manhã','Horário 1','Terça'),(501,547,6,'Manhã','Horário 1','Terça'),(502,363,1,'Tarde','Horário 1','Terça'),(503,293,1,'Tarde','Horário 1','Terça'),(504,548,7,'Manhã','Horário 1','Terça'),(505,364,6,'Tarde','Horário 1','Terça'),(506,365,1,'Tarde','Horário 1','Terça'),(507,294,1,'Tarde','Horário 1','Terça'),(508,366,5,'Tarde','Horário 1','Terça'),(509,500,7,'Manhã','Horário 1','Terça'),(510,454,1,'Tarde','Horário 1','Terça'),(511,585,1,'Manhã','Horário 1','Terça'),(512,425,1,'Tarde','Horário 1','Terça'),(513,501,1,'Manhã','Horário 1','Terça'),(514,399,2,'Tarde','Horário 1','Terça'),(515,400,2,'Tarde','Horário 1','Terça'),(516,586,1,'Manhã','Horário 1','Terça'),(517,502,2,'Manhã','Horário 1','Terça'),(518,295,1,'Tarde','Horário 1','Terça'),(519,296,1,'Tarde','Horário 1','Terça'),(520,297,12,'Tarde','Horário 1','Terça'),(521,549,5,'Manhã','Horário 1','Terça'),(522,401,2,'Tarde','Horário 1','Terça'),(523,455,1,'Tarde','Horário 1','Terça'),(524,550,1,'Manhã','Horário 1','Terça'),(525,367,6,'Tarde','Horário 1','Terça'),(526,298,1,'Tarde','Horário 1','Terça'),(527,299,1,'Tarde','Horário 1','Terça'),(528,300,5,'Tarde','Horário 1','Terça'),(529,503,5,'Manhã','Horário 1','Terça'),(530,301,5,'Tarde','Horário 1','Terça'),(531,551,1,'Manhã','Horário 1','Terça'),(532,302,1,'Tarde','Horário 1','Terça'),(533,504,1,'Manhã','Horário 1','Terça'),(534,505,2,'Manhã','Horário 1','Terça'),(535,552,1,'Manhã','Horário 1','Terça'),(536,368,5,'Tarde','Horário 1','Terça'),(537,369,5,'Tarde','Horário 1','Terça'),(538,587,5,'Manhã','Horário 1','Terça'),(539,303,1,'Tarde','Horário 1','Terça'),(540,506,1,'Manhã','Horário 1','Terça'),(541,304,1,'Tarde','Horário 1','Terça'),(542,456,2,'Tarde','Horário 1','Terça'),(543,305,1,'Tarde','Horário 1','Terça'),(544,622,7,'Manhã','Horário 1','Terça'),(545,588,5,'Manhã','Horário 1','Terça'),(546,507,7,'Manhã','Horário 1','Terça'),(547,457,5,'Tarde','Horário 1','Terça'),(548,402,2,'Tarde','Horário 1','Terça'),(549,370,1,'Tarde','Horário 1','Terça'),(550,508,6,'Manhã','Horário 1','Terça'),(551,426,13,'Tarde','Horário 1','Terça'),(552,589,5,'Manhã','Horário 1','Terça'),(553,306,1,'Tarde','Horário 1','Terça'),(554,590,1,'Manhã','Horário 1','Terça'),(555,371,1,'Tarde','Horário 1','Terça'),(556,307,5,'Tarde','Horário 1','Terça'),(557,308,1,'Tarde','Horário 1','Terça'),(558,403,1,'Tarde','Horário 1','Terça'),(559,553,6,'Manhã','Horário 1','Terça'),(560,509,1,'Manhã','Horário 1','Terça'),(561,510,7,'Manhã','Horário 1','Terça'),(562,404,5,'Tarde','Horário 1','Terça'),(563,372,1,'Tarde','Horário 1','Terça'),(564,427,2,'Tarde','Horário 1','Terça'),(565,309,1,'Tarde','Horário 1','Terça'),(566,310,5,'Tarde','Horário 1','Terça'),(567,311,12,'Tarde','Horário 1','Terça'),(568,373,2,'Tarde','Horário 1','Terça'),(569,511,1,'Manhã','Horário 1','Terça'),(570,428,2,'Tarde','Horário 1','Terça'),(571,555,2,'Manhã','Horário 1','Terça'),(572,374,1,'Tarde','Horário 1','Terça'),(573,375,13,'Tarde','Horário 1','Terça'),(574,512,1,'Manhã','Horário 1','Terça'),(575,513,5,'Manhã','Horário 1','Terça'),(576,591,1,'Manhã','Horário 1','Terça'),(577,429,7,'Tarde','Horário 1','Terça'),(578,556,1,'Manhã','Horário 1','Terça'),(579,430,2,'Tarde','Horário 1','Terça'),(580,376,5,'Tarde','Horário 1','Terça'),(581,557,1,'Manhã','Horário 1','Terça'),(582,312,1,'Tarde','Horário 1','Terça'),(583,377,1,'Tarde','Horário 1','Terça'),(584,405,1,'Tarde','Horário 1','Terça'),(585,313,7,'Tarde','Horário 1','Terça'),(586,314,1,'Tarde','Horário 1','Terça'),(587,406,1,'Tarde','Horário 1','Terça'),(588,315,1,'Tarde','Horário 1','Terça'),(589,592,1,'Manhã','Horário 1','Terça'),(590,316,2,'Tarde','Horário 1','Terça'),(591,514,1,'Manhã','Horário 1','Terça'),(592,515,5,'Manhã','Horário 1','Terça'),(593,516,1,'Manhã','Horário 1','Terça'),(594,458,7,'Tarde','Horário 1','Terça'),(595,611,1,'Manhã','Horário 1','Terça'),(596,435,2,'Tarde','Horário 1','Terça'),(597,431,1,'Tarde','Horário 1','Terça'),(598,558,1,'Manhã','Horário 1','Terça'),(599,593,1,'Manhã','Horário 1','Terça'),(600,559,2,'Manhã','Horário 1','Terça'),(601,317,1,'Tarde','Horário 1','Terça'),(602,407,2,'Tarde','Horário 1','Terça'),(603,623,1,'Manhã','Horário 1','Terça'),(604,560,5,'Manhã','Horário 1','Terça'),(605,594,5,'Tarde','Horário 1','Terça'),(606,595,1,'Manhã','Horário 1','Terça'),(607,432,1,'Tarde','Horário 1','Terça'),(608,433,2,'Tarde','Horário 1','Terça'),(609,517,1,'Manhã','Horário 1','Terça'),(610,378,2,'Tarde','Horário 1','Terça'),(611,318,1,'Tarde','Horário 1','Terça'),(612,518,2,'Manhã','Horário 1','Terça'),(613,319,1,'Tarde','Horário 1','Terça'),(614,408,1,'Tarde','Horário 1','Terça'),(615,409,5,'Tarde','Horário 1','Terça'),(616,519,1,'Manhã','Horário 1','Terça'),(617,379,1,'Tarde','Horário 1','Terça'),(618,596,6,'Manhã','Horário 1','Terça'),(619,597,2,'Tarde','Horário 1','Terça'),(620,410,1,'Tarde','Horário 1','Terça'),(621,320,1,'Tarde','Horário 1','Terça'),(622,561,6,'Manhã','Horário 1','Terça'),(623,411,1,'Tarde','Horário 1','Terça'),(624,412,1,'Tarde','Horário 1','Terça'),(625,625,6,'Manhã','Horário 1','Terça'),(626,598,2,'Manhã','Horário 1','Terça'),(627,520,1,'Manhã','Horário 1','Terça'),(628,562,1,'Manhã','Horário 1','Terça'),(629,434,8,'Tarde','Horário 1','Terça'),(630,464,5,'Tarde','Horário 1','Terça'),(631,612,6,'Manhã','Horário 1','Terça'),(632,413,1,'Tarde','Horário 1','Terça'),(633,521,1,'Manhã','Horário 1','Terça'),(634,380,3,'Tarde','Horário 1','Terça'),(635,381,1,'Tarde','Horário 1','Terça'),(636,437,1,'Tarde','Horário 1','Terça'),(637,321,2,'Tarde','Horário 1','Terça'),(638,436,5,'Tarde','Horário 1','Terça'),(639,414,1,'Tarde','Horário 1','Terça'),(640,626,1,'Manhã','Horário 1','Terça'),(641,322,1,'Tarde','Horário 1','Terça'),(642,323,1,'Tarde','Horário 1','Terça'),(643,563,5,'Manhã','Horário 1','Terça'),(644,522,2,'Manhã','Horário 1','Terça'),(645,613,6,'Manhã','Horário 1','Terça'),(646,459,2,'Tarde','Horário 1','Terça'),(647,523,1,'Manhã','Horário 1','Terça'),(648,324,1,'Tarde','Horário 1','Terça'),(649,564,2,'Manhã','Horário 1','Terça'),(650,599,1,'Manhã','Horário 1','Terça'),(651,565,1,'Manhã','Horário 1','Terça'),(652,325,6,'Tarde','Horário 1','Terça'),(653,438,1,'Tarde','Horário 1','Terça'),(654,566,6,'Manhã','Horário 1','Terça'),(655,524,5,'Manhã','Horário 1','Terça'),(656,382,5,'Tarde','Horário 1','Terça'),(657,461,1,'Tarde','Horário 1','Terça'),(658,462,1,'Tarde','Horário 1','Terça'),(659,463,2,'Tarde','Horário 1','Terça'),(660,326,2,'Tarde','Horário 1','Terça'),(661,525,5,'Manhã','Horário 1','Terça'),(662,383,2,'Tarde','Horário 1','Terça'),(663,567,1,'Manhã','Horário 1','Terça'),(664,627,1,'Manhã','Horário 1','Terça'),(665,568,5,'Manhã','Horário 1','Terça'),(666,415,2,'Tarde','Horário 1','Terça'),(667,569,1,'Manhã','Horário 1','Terça'),(668,465,1,'Tarde','Horário 1','Terça'),(669,526,1,'Manhã','Horário 1','Terça'),(670,600,1,'Manhã','Horário 1','Terça'),(671,327,2,'Tarde','Horário 1','Terça'),(672,384,1,'Tarde','Horário 1','Terça'),(673,385,1,'Tarde','Horário 1','Terça'),(674,570,1,'Manhã','Horário 1','Terça'),(675,439,1,'Tarde','Horário 1','Terça'),(676,328,1,'Tarde','Horário 1','Terça'),(677,386,1,'Tarde','Horário 1','Terça'),(678,601,2,'Manhã','Horário 1','Terça'),(679,387,2,'Tarde','Horário 1','Terça'),(680,329,1,'Tarde','Horário 1','Terça'),(681,330,1,'Tarde','Horário 1','Terça'),(682,628,1,'Manhã','Horário 1','Terça'),(683,527,1,'Manhã','Horário 1','Terça'),(684,572,6,'Manhã','Horário 1','Terça'),(685,331,13,'Tarde','Horário 1','Terça'),(686,332,1,'Tarde','Horário 1','Terça'),(687,416,5,'Tarde','Horário 1','Terça'),(688,417,1,'Tarde','Horário 1','Terça'),(689,602,6,'Manhã','Horário 1','Terça'),(690,571,1,'Manhã','Horário 1','Terça'),(691,333,1,'Tarde','Horário 1','Terça'),(692,603,1,'Manhã','Horário 1','Terça'),(693,604,6,'Manhã','Horário 1','Terça'),(694,388,1,'Tarde','Horário 1','Terça'),(695,440,1,'Tarde','Horário 1','Terça'),(696,573,1,'Manhã','Horário 1','Terça'),(697,441,1,'Tarde','Horário 1','Terça'),(698,418,1,'Tarde','Horário 1','Terça'),(699,466,1,'Tarde','Horário 1','Terça'),(700,389,8,'Tarde','Horário 1','Terça'),(701,574,2,'Manhã','Horário 1','Terça'),(702,334,1,'Tarde','Horário 1','Terça'),(703,605,1,'Manhã','Horário 1','Terça'),(704,335,5,'Tarde','Horário 1','Terça'),(705,529,6,'Manhã','Horário 1','Terça'),(706,575,1,'Manhã','Horário 1','Terça'),(707,528,1,'Manhã','Horário 1','Terça'),(708,530,1,'Manhã','Horário 1','Terça'),(709,336,1,'Tarde','Horário 1','Terça'),(710,531,5,'Manhã','Horário 1','Terça'),(711,390,5,'Tarde','Horário 1','Terça'),(712,442,1,'Tarde','Horário 1','Terça'),(713,532,5,'Manhã','Horário 1','Terça'),(714,420,2,'Tarde','Horário 1','Terça'),(715,419,5,'Tarde','Horário 1','Terça'),(716,337,1,'Tarde','Horário 1','Terça'),(717,606,2,'Manhã','Horário 1','Terça'),(718,391,1,'Tarde','Horário 1','Terça'),(719,576,1,'Manhã','Horário 1','Quarta   '),(720,338,1,'Tarde','Horário 1','Quarta   '),(721,533,1,'Manhã','Horário 1','Quarta   '),(722,467,2,'Manhã','Horário 1','Quarta   '),(723,534,1,'Manhã','Horário 1','Quarta   '),(724,339,14,'Tarde','Horário 1','Quarta   '),(725,444,1,'Tarde','Horário 1','Quarta   '),(726,614,5,'Manhã','Horário 1','Quarta   '),(727,392,5,'Tarde','Horário 1','Quarta   '),(728,443,1,'Tarde','Horário 1','Quarta   '),(729,264,1,'Tarde','Horário 1','Quarta   '),(730,265,14,'Tarde','Horário 1','Quarta   '),(731,445,1,'Tarde','Horário 1','Quarta   '),(732,340,1,'Tarde','Horário 1','Quarta   '),(733,535,15,'Manhã','Horário 1','Quarta   '),(734,577,1,'Manhã','Horário 1','Quarta   '),(735,536,1,'Manhã','Horário 1','Quarta   '),(736,266,2,'Tarde','Horário 1','Quarta   '),(737,267,1,'Tarde','Horário 1','Quarta   '),(738,468,8,'Manhã','Horário 1','Quarta   '),(739,341,1,'Tarde','Horário 1','Quarta   '),(740,469,1,'Manhã','Horário 1','Quarta   '),(741,268,1,'Tarde','Horário 1','Quarta   '),(742,470,1,'Manhã','Horário 1','Quarta   '),(743,537,1,'Manhã','Horário 1','Quarta   '),(744,615,1,'Manhã','Horário 1','Quarta   '),(745,269,2,'Tarde','Horário 1','Quarta   '),(746,471,7,'Manhã','Horário 1','Quarta   '),(747,472,5,'Manhã','Horário 1','Quarta   '),(748,342,1,'Tarde','Horário 1','Quarta   '),(749,393,2,'Tarde','Horário 1','Quarta   '),(750,473,1,'Manhã','Horário 1','Quarta   '),(751,343,1,'Tarde','Horário 1','Quarta   '),(752,344,2,'Tarde','Horário 1','Quarta   '),(753,421,1,'Tarde','Horário 1','Quarta   '),(754,345,1,'Tarde','Horário 1','Quarta   '),(755,270,1,'Tarde','Horário 1','Quarta   '),(756,271,2,'Tarde','Horário 1','Quarta   '),(757,346,2,'Tarde','Horário 1','Quarta   '),(758,272,1,'Tarde','Horário 1','Quarta   '),(759,578,2,'Manhã','Horário 1','Quarta   '),(760,539,1,'Manhã','Horário 1','Quarta   '),(761,538,1,'Manhã','Horário 1','Quarta   '),(762,347,6,'Tarde','Horário 1','Quarta   '),(763,273,1,'Tarde','Horário 1','Quarta   '),(764,540,1,'Manhã','Horário 1','Quarta   '),(765,348,1,'Tarde','Horário 1','Quarta   '),(766,474,5,'Manhã','Horário 1','Quarta   '),(767,274,1,'Tarde','Horário 1','Quarta   '),(768,275,5,'Tarde','Horário 1','Quarta   '),(769,475,5,'Manhã','Horário 1','Quarta   '),(770,541,1,'Manhã','Horário 1','Quarta   '),(771,542,1,'Manhã','Horário 1','Quarta   '),(772,476,5,'Manhã','Horário 1','Quarta   '),(773,579,3,'Manhã','Horário 1','Quarta   '),(774,394,1,'Tarde','Horário 1','Quarta   '),(775,607,1,'Manhã','Horário 1','Quarta   '),(776,276,5,'Tarde','Horário 1','Quarta   '),(777,277,8,'Tarde','Horário 1','Quarta   '),(778,278,5,'Tarde','Horário 1','Quarta   '),(779,349,1,'Tarde','Horário 1','Quarta   '),(780,477,3,'Manhã','Horário 1','Quarta   '),(781,279,1,'Tarde','Horário 1','Quarta   '),(782,350,5,'Tarde','Horário 1','Quarta   '),(783,580,5,'Manhã','Horário 1','Quarta   '),(784,608,5,'Manhã','Horário 1','Quarta   '),(785,483,1,'Manhã','Horário 1','Quarta   '),(786,609,5,'Manhã','Horário 1','Quarta   '),(787,351,1,'Tarde','Horário 1','Quarta   '),(788,446,1,'Tarde','Horário 1','Quarta   '),(789,447,7,'Tarde','Horário 1','Quarta   '),(790,478,1,'Manhã','Horário 1','Quarta   '),(791,352,6,'Tarde','Horário 1','Quarta   '),(792,616,5,'Manhã','Horário 1','Quarta   '),(793,479,15,'Manhã','Horário 1','Quarta   '),(794,395,1,'Tarde','Horário 1','Quarta   '),(795,480,7,'Manhã','Horário 1','Quarta   '),(796,353,2,'Tarde','Horário 1','Quarta   '),(797,481,1,'Manhã','Horário 1','Quarta   '),(798,482,2,'Manhã','Horário 1','Quarta   '),(799,485,1,'Manhã','Horário 1','Quarta   '),(800,354,1,'Tarde','Horário 1','Quarta   '),(801,486,3,'Manhã','Horário 1','Quarta   '),(802,488,1,'Manhã','Horário 1','Quarta   '),(803,280,1,'Tarde','Horário 1','Quarta   '),(804,281,7,'Tarde','Horário 1','Quarta   '),(805,489,1,'Manhã','Horário 1','Quarta   '),(806,448,1,'Tarde','Horário 1','Quarta   '),(807,282,8,'Tarde','Horário 1','Quarta   '),(808,617,1,'Manhã','Horário 1','Quarta   '),(809,490,1,'Manhã','Horário 1','Quarta   '),(810,283,1,'Tarde','Horário 1','Quarta   '),(811,618,1,'Manhã','Horário 1','Quarta   '),(812,355,1,'Tarde','Horário 1','Quarta   '),(813,484,1,'Manhã','Horário 1','Quarta   '),(814,487,5,'Manhã','Horário 1','Quarta   '),(815,356,1,'Tarde','Horário 1','Quarta   '),(816,284,1,'Tarde','Horário 1','Quarta   '),(817,285,2,'Tarde','Horário 1','Quarta   '),(818,449,1,'Tarde','Horário 1','Quarta   '),(819,491,1,'Manhã','Horário 1','Quarta   '),(820,493,7,'Manhã','Horário 1','Quarta   '),(821,543,1,'Manhã','Horário 1','Quarta   '),(822,492,5,'Manhã','Horário 1','Quarta   '),(823,357,14,'Tarde','Horário 1','Quarta   '),(824,358,1,'Tarde','Horário 1','Quarta   '),(825,450,1,'Tarde','Horário 1','Quarta   '),(826,396,8,'Tarde','Horário 1','Quarta   '),(827,422,2,'Tarde','Horário 1','Quarta   '),(828,582,8,'Manhã','Horário 1','Quarta   '),(829,494,5,'Manhã','Horário 1','Quarta   '),(830,397,1,'Tarde','Horário 1','Quarta   '),(831,360,1,'Tarde','Horário 1','Quarta   '),(832,583,1,'Manhã','Horário 1','Quarta   '),(833,286,14,'Tarde','Horário 1','Quarta   '),(834,619,2,'Manhã','Horário 1','Quarta   '),(835,359,1,'Tarde','Horário 1','Quarta   '),(836,544,5,'Manhã','Horário 1','Quarta   '),(837,495,5,'Manhã','Horário 1','Quarta   '),(838,496,2,'Manhã','Horário 1','Quarta   '),(839,451,1,'Tarde','Horário 1','Quarta   '),(840,287,1,'Tarde','Horário 1','Quarta   '),(841,361,2,'Tarde','Horário 1','Quarta   '),(842,497,7,'Manhã','Horário 1','Quarta   '),(843,452,1,'Tarde','Horário 1','Quarta   '),(844,288,2,'Tarde','Horário 1','Quarta   '),(845,423,1,'Tarde','Horário 1','Quarta   '),(846,498,1,'Manhã','Horário 1','Quarta   '),(847,289,5,'Tarde','Horário 1','Quarta   '),(848,290,1,'Tarde','Horário 1','Quarta   '),(849,620,5,'Manhã','Horário 1','Quarta   '),(850,545,2,'Manhã','Horário 1','Quarta   '),(851,499,1,'Manhã','Horário 1','Quarta   '),(852,398,1,'Tarde','Horário 1','Quarta   '),(853,584,1,'Manhã','Horário 1','Quarta   '),(854,453,1,'Tarde','Horário 1','Quarta   '),(855,424,1,'Tarde','Horário 1','Quarta   '),(856,291,8,'Tarde','Horário 1','Quarta   '),(857,292,6,'Tarde','Horário 1','Quarta   '),(858,546,2,'Manhã','Horário 1','Quarta   '),(859,362,1,'Tarde','Horário 1','Quarta   '),(860,621,5,'Manhã','Horário 1','Quarta   '),(861,547,1,'Manhã','Horário 1','Quarta   '),(862,363,14,'Tarde','Horário 1','Quarta   '),(863,293,5,'Tarde','Horário 1','Quarta   '),(864,548,1,'Manhã','Horário 1','Quarta   '),(865,364,1,'Tarde','Horário 1','Quarta   '),(866,365,5,'Tarde','Horário 1','Quarta   '),(867,294,2,'Tarde','Horário 1','Quarta   '),(868,366,1,'Tarde','Horário 1','Quarta   '),(869,500,1,'Manhã','Horário 1','Quarta   '),(870,454,2,'Tarde','Horário 1','Quarta   '),(871,585,3,'Manhã','Horário 1','Quarta   '),(872,425,8,'Tarde','Horário 1','Quarta   '),(873,501,7,'Manhã','Horário 1','Quarta   '),(874,399,1,'Tarde','Horário 1','Quarta   '),(875,400,1,'Tarde','Horário 1','Quarta   '),(876,586,5,'Manhã','Horário 1','Quarta   '),(877,502,1,'Manhã','Horário 1','Quarta   '),(878,295,8,'Tarde','Horário 1','Quarta   '),(879,296,7,'Tarde','Horário 1','Quarta   '),(880,297,1,'Tarde','Horário 1','Quarta   '),(881,549,1,'Manhã','Horário 1','Quarta   '),(882,401,1,'Tarde','Horário 1','Quarta   '),(883,455,7,'Tarde','Horário 1','Quarta   '),(884,550,5,'Manhã','Horário 1','Quarta   '),(885,367,1,'Tarde','Horário 1','Quarta   '),(886,298,6,'Tarde','Horário 1','Quarta   '),(887,299,2,'Tarde','Horário 1','Quarta   '),(888,300,1,'Tarde','Horário 1','Quarta   '),(889,503,1,'Manhã','Horário 1','Quarta   '),(890,301,1,'Tarde','Horário 1','Quarta   '),(891,551,5,'Manhã','Horário 1','Quarta   '),(892,302,14,'Tarde','Horário 1','Quarta   '),(893,504,5,'Manhã','Horário 1','Quarta   '),(894,505,1,'Manhã','Horário 1','Quarta   '),(895,552,8,'Manhã','Horário 1','Quarta   '),(896,368,1,'Tarde','Horário 1','Quarta   '),(897,369,1,'Tarde','Horário 1','Quarta   '),(898,587,1,'Manhã','Horário 1','Quarta   '),(899,303,5,'Tarde','Horário 1','Quarta   '),(900,506,2,'Manhã','Horário 1','Quarta   '),(901,304,5,'Tarde','Horário 1','Quarta   '),(902,456,1,'Tarde','Horário 1','Quarta   '),(903,305,14,'Tarde','Horário 1','Quarta   '),(904,622,1,'Manhã','Horário 1','Quarta   '),(905,588,1,'Manhã','Horário 1','Quarta   '),(906,507,1,'Manhã','Horário 1','Quarta   '),(907,457,1,'Tarde','Horário 1','Quarta   '),(908,402,1,'Tarde','Horário 1','Quarta   '),(909,370,5,'Tarde','Horário 1','Quarta   '),(910,508,1,'Manhã','Horário 1','Quarta   '),(911,426,1,'Tarde','Horário 1','Quarta   '),(912,589,1,'Manhã','Horário 1','Quarta   '),(913,306,2,'Tarde','Horário 1','Quarta   '),(914,590,5,'Manhã','Horário 1','Quarta   '),(915,371,2,'Tarde','Horário 1','Quarta   '),(916,307,1,'Tarde','Horário 1','Quarta   '),(917,308,14,'Tarde','Horário 1','Quarta   '),(918,403,6,'Tarde','Horário 1','Quarta   '),(919,553,1,'Manhã','Horário 1','Quarta   '),(920,509,2,'Manhã','Horário 1','Quarta   '),(921,510,1,'Manhã','Horário 1','Quarta   '),(922,404,1,'Tarde','Horário 1','Quarta   '),(923,372,6,'Tarde','Horário 1','Quarta   '),(924,427,1,'Tarde','Horário 1','Quarta   '),(925,309,2,'Tarde','Horário 1','Quarta   '),(926,310,1,'Tarde','Horário 1','Quarta   '),(927,311,1,'Tarde','Horário 1','Quarta   '),(928,373,1,'Tarde','Horário 1','Quarta   '),(929,511,2,'Manhã','Horário 1','Quarta   '),(930,428,1,'Tarde','Horário 1','Quarta   '),(931,555,1,'Manhã','Horário 1','Quarta   '),(932,374,2,'Tarde','Horário 1','Quarta   '),(933,375,1,'Tarde','Horário 1','Quarta   '),(934,512,7,'Manhã','Horário 1','Quarta   '),(935,513,1,'Manhã','Horário 1','Quarta   '),(936,591,2,'Manhã','Horário 1','Quarta   '),(937,429,1,'Tarde','Horário 1','Quarta   '),(938,556,2,'Manhã','Horário 1','Quarta   '),(939,430,1,'Tarde','Horário 1','Quarta   '),(940,376,1,'Tarde','Horário 1','Quarta   '),(941,557,2,'Manhã','Horário 1','Quarta   '),(942,312,8,'Tarde','Horário 1','Quarta   '),(943,377,2,'Tarde','Horário 1','Quarta   '),(944,405,6,'Tarde','Horário 1','Quarta   '),(945,313,1,'Tarde','Horário 1','Quarta   '),(946,314,2,'Tarde','Horário 1','Quarta   '),(947,406,2,'Tarde','Horário 1','Quarta   '),(948,315,2,'Tarde','Horário 1','Quarta   '),(949,592,2,'Manhã','Horário 1','Quarta   '),(950,316,1,'Tarde','Horário 1','Quarta   '),(951,514,2,'Manhã','Horário 1','Quarta   '),(952,515,1,'Manhã','Horário 1','Quarta   '),(953,516,2,'Manhã','Horário 1','Quarta   '),(954,458,1,'Tarde','Horário 1','Quarta   '),(955,611,5,'Manhã','Horário 1','Quarta   '),(956,435,1,'Tarde','Horário 1','Quarta   '),(957,431,5,'Tarde','Horário 1','Quarta   '),(958,558,5,'Manhã','Horário 1','Quarta   '),(959,593,3,'Manhã','Horário 1','Quarta   '),(960,559,1,'Manhã','Horário 1','Quarta   '),(961,317,2,'Tarde','Horário 1','Quarta   '),(962,407,1,'Tarde','Horário 1','Quarta   '),(963,623,5,'Manhã','Horário 1','Quarta   '),(964,560,1,'Manhã','Horário 1','Quarta   '),(965,594,1,'Tarde','Horário 1','Quarta   '),(966,595,15,'Manhã','Horário 1','Quarta   '),(967,432,7,'Tarde','Horário 1','Quarta   '),(968,433,1,'Tarde','Horário 1','Quarta   '),(969,517,7,'Manhã','Horário 1','Quarta   '),(970,378,1,'Tarde','Horário 1','Quarta   '),(971,318,14,'Tarde','Horário 1','Quarta   '),(972,518,1,'Manhã','Horário 1','Quarta   '),(973,319,6,'Tarde','Horário 1','Quarta   '),(974,408,14,'Tarde','Horário 1','Quarta   '),(975,409,1,'Tarde','Horário 1','Quarta   '),(976,519,5,'Manhã','Horário 1','Quarta   '),(977,379,2,'Tarde','Horário 1','Quarta   '),(978,596,1,'Manhã','Horário 1','Quarta   '),(979,597,1,'Tarde','Horário 1','Quarta   '),(980,410,14,'Tarde','Horário 1','Quarta   '),(981,320,6,'Tarde','Horário 1','Quarta   '),(982,624,1,'Manhã','Horário 1','Quarta   '),(983,561,1,'Manhã','Horário 1','Quarta   '),(984,411,5,'Tarde','Horário 1','Quarta   '),(985,412,5,'Tarde','Horário 1','Quarta   '),(986,625,1,'Manhã','Horário 1','Quarta   '),(987,598,1,'Manhã','Horário 1','Quarta   '),(988,520,7,'Manhã','Horário 1','Quarta   '),(989,562,2,'Manhã','Horário 1','Quarta   '),(990,434,1,'Tarde','Horário 1','Quarta   '),(991,464,1,'Tarde','Horário 1','Quarta   '),(992,612,1,'Manhã','Horário 1','Quarta   '),(993,413,6,'Tarde','Horário 1','Quarta   '),(994,521,2,'Manhã','Horário 1','Quarta   '),(995,380,1,'Tarde','Horário 1','Quarta   '),(996,381,2,'Tarde','Horário 1','Quarta   '),(997,437,8,'Tarde','Horário 1','Quarta   '),(998,321,1,'Tarde','Horário 1','Quarta   '),(999,436,1,'Tarde','Horário 1','Quarta   '),(1000,414,6,'Tarde','Horário 1','Quarta   '),(1001,626,7,'Manhã','Horário 1','Quarta   '),(1002,322,7,'Tarde','Horário 1','Quarta   '),(1003,323,2,'Tarde','Horário 1','Quarta   '),(1004,563,1,'Manhã','Horário 1','Quarta   '),(1005,522,1,'Manhã','Horário 1','Quarta   '),(1006,613,1,'Manhã','Horário 1','Quarta   '),(1007,459,1,'Tarde','Horário 1','Quarta   '),(1008,523,7,'Manhã','Horário 1','Quarta   '),(1009,324,6,'Tarde','Horário 1','Quarta   '),(1010,564,1,'Manhã','Horário 1','Quarta   '),(1011,599,2,'Manhã','Horário 1','Quarta   '),(1012,565,5,'Manhã','Horário 1','Quarta   '),(1013,325,1,'Tarde','Horário 1','Quarta   '),(1014,438,6,'Tarde','Horário 1','Quarta   '),(1015,566,1,'Manhã','Horário 1','Quarta   '),(1016,524,1,'Manhã','Horário 1','Quarta   '),(1017,382,1,'Tarde','Horário 1','Quarta   '),(1018,461,2,'Tarde','Horário 1','Quarta   '),(1019,462,6,'Tarde','Horário 1','Quarta   '),(1020,463,1,'Tarde','Horário 1','Quarta   '),(1021,326,1,'Tarde','Horário 1','Quarta   '),(1022,525,1,'Manhã','Horário 1','Quarta   '),(1023,383,1,'Tarde','Horário 1','Quarta   '),(1024,567,8,'Manhã','Horário 1','Quarta   '),(1025,627,5,'Manhã','Horário 1','Quarta   '),(1026,568,1,'Manhã','Horário 1','Quarta   '),(1027,415,1,'Tarde','Horário 1','Quarta   '),(1028,569,2,'Manhã','Horário 1','Quarta   '),(1029,465,2,'Tarde','Horário 1','Quarta   '),(1030,526,2,'Manhã','Horário 1','Quarta   '),(1031,600,15,'Manhã','Horário 1','Quarta   '),(1032,327,1,'Tarde','Horário 1','Quarta   '),(1033,384,5,'Tarde','Horário 1','Quarta   '),(1034,385,6,'Tarde','Horário 1','Quarta   '),(1035,570,2,'Manhã','Horário 1','Quarta   '),(1036,439,5,'Tarde','Horário 1','Quarta   '),(1037,328,14,'Tarde','Horário 1','Quarta   '),(1038,386,6,'Tarde','Horário 1','Quarta   '),(1039,601,1,'Manhã','Horário 1','Quarta   '),(1040,387,1,'Tarde','Horário 1','Quarta   '),(1041,329,6,'Tarde','Horário 1','Quarta   '),(1042,330,2,'Tarde','Horário 1','Quarta   '),(1043,628,5,'Manhã','Horário 1','Quarta   '),(1044,527,5,'Manhã','Horário 1','Quarta   '),(1045,572,1,'Manhã','Horário 1','Quarta   '),(1046,331,1,'Tarde','Horário 1','Quarta   '),(1047,332,6,'Tarde','Horário 1','Quarta   '),(1048,416,1,'Tarde','Horário 1','Quarta   '),(1049,417,5,'Tarde','Horário 1','Quarta   '),(1050,602,1,'Manhã','Horário 1','Quarta   '),(1051,571,5,'Manhã','Horário 1','Quarta   '),(1052,333,2,'Tarde','Horário 1','Quarta   '),(1053,603,5,'Manhã','Horário 1','Quarta   '),(1054,604,1,'Manhã','Horário 1','Quarta   '),(1055,388,8,'Tarde','Horário 1','Quarta   '),(1056,440,6,'Tarde','Horário 1','Quarta   '),(1057,573,15,'Manhã','Horário 1','Quarta   '),(1058,441,14,'Tarde','Horário 1','Quarta   '),(1059,418,6,'Tarde','Horário 1','Quarta   '),(1060,466,2,'Tarde','Horário 1','Quarta   '),(1061,389,1,'Tarde','Horário 1','Quarta   '),(1062,574,1,'Manhã','Horário 1','Quarta   '),(1063,334,2,'Tarde','Horário 1','Quarta   '),(1064,605,2,'Manhã','Horário 1','Quarta   '),(1065,335,1,'Tarde','Horário 1','Quarta   '),(1066,529,1,'Manhã','Horário 1','Quarta   '),(1067,575,8,'Manhã','Horário 1','Quarta   '),(1068,528,8,'Manhã','Horário 1','Quarta   '),(1069,530,3,'Manhã','Horário 1','Quarta   '),(1070,336,2,'Tarde','Horário 1','Quarta   '),(1071,531,1,'Manhã','Horário 1','Quarta   '),(1072,390,1,'Tarde','Horário 1','Quarta   '),(1073,442,7,'Tarde','Horário 1','Quarta   '),(1074,532,1,'Manhã','Horário 1','Quarta   '),(1075,420,1,'Tarde','Horário 1','Quarta   '),(1076,419,1,'Tarde','Horário 1','Quarta   '),(1077,337,2,'Tarde','Horário 1','Quarta   '),(1078,606,1,'Manhã','Horário 1','Quarta   '),(1079,391,6,'Tarde','Horário 1','Quarta   '),(1080,576,4,'Manhã','Horário 1','Quinta'),(1081,338,16,'Tarde','Horário 1','Quinta'),(1082,533,5,'Manhã','Horário 1','Quinta'),(1083,467,1,'Manhã','Horário 1','Quinta'),(1084,534,5,'Manhã','Horário 1','Quinta'),(1085,339,1,'Tarde','Horário 1','Quinta'),(1086,444,2,'Tarde','Horário 1','Quinta'),(1087,614,1,'Manhã','Horário 1','Quinta'),(1088,392,1,'Tarde','Horário 1','Quinta'),(1089,443,2,'Tarde','Horário 1','Quinta'),(1090,264,2,'Tarde','Horário 1','Quinta'),(1091,265,1,'Tarde','Horário 1','Quinta'),(1092,445,2,'Tarde','Horário 1','Quinta'),(1093,340,16,'Tarde','Horário 1','Quinta'),(1094,535,1,'Manhã','Horário 1','Quinta'),(1095,577,2,'Manhã','Horário 1','Quinta'),(1096,536,5,'Manhã','Horário 1','Quinta'),(1097,266,1,'Tarde','Horário 1','Quinta'),(1098,267,2,'Tarde','Horário 1','Quinta'),(1099,468,1,'Manhã','Horário 1','Quinta'),(1100,341,16,'Tarde','Horário 1','Quinta'),(1101,469,2,'Manhã','Horário 1','Quinta'),(1102,268,8,'Tarde','Horário 1','Quinta'),(1103,470,5,'Manhã','Horário 1','Quinta'),(1104,537,6,'Manhã','Horário 1','Quinta'),(1105,615,5,'Manhã','Horário 1','Quinta'),(1106,269,1,'Tarde','Horário 1','Quinta'),(1107,471,1,'Manhã','Horário 1','Quinta'),(1108,472,1,'Manhã','Horário 1','Quinta'),(1109,342,8,'Tarde','Horário 1','Quinta'),(1110,393,1,'Tarde','Horário 1','Quinta'),(1111,473,4,'Manhã','Horário 1','Quinta'),(1112,343,16,'Tarde','Horário 1','Quinta'),(1113,344,1,'Tarde','Horário 1','Quinta'),(1114,421,7,'Tarde','Horário 1','Quinta'),(1115,345,6,'Tarde','Horário 1','Quinta'),(1116,270,2,'Tarde','Horário 1','Quinta'),(1117,271,1,'Tarde','Horário 1','Quinta'),(1118,346,1,'Tarde','Horário 1','Quinta'),(1119,272,5,'Tarde','Horário 1','Quinta'),(1120,578,1,'Manhã','Horário 1','Quinta'),(1121,539,8,'Manhã','Horário 1','Quinta'),(1122,538,4,'Manhã','Horário 1','Quinta'),(1123,347,1,'Tarde','Horário 1','Quinta'),(1124,273,2,'Tarde','Horário 1','Quinta'),(1125,540,4,'Manhã','Horário 1','Quinta'),(1126,348,1,'Tarde','Horário 1','Quinta'),(1127,474,1,'Manhã','Horário 1','Quinta'),(1128,274,1,'Tarde','Horário 1','Quinta'),(1129,275,1,'Tarde','Horário 1','Quinta'),(1130,475,1,'Manhã','Horário 1','Quinta'),(1131,541,6,'Manhã','Horário 1','Quinta'),(1132,542,5,'Manhã','Horário 1','Quinta'),(1133,476,1,'Manhã','Horário 1','Quinta'),(1134,579,1,'Manhã','Horário 1','Quinta'),(1135,394,6,'Tarde','Horário 1','Quinta'),(1136,607,5,'Manhã','Horário 1','Quinta'),(1137,276,1,'Tarde','Horário 1','Quinta'),(1138,277,1,'Tarde','Horário 1','Quinta'),(1139,278,1,'Tarde','Horário 1','Quinta'),(1140,349,2,'Tarde','Horário 1','Quinta'),(1141,477,1,'Manhã','Horário 1','Quinta'),(1142,279,5,'Tarde','Horário 1','Quinta'),(1143,350,1,'Tarde','Horário 1','Quinta'),(1144,580,1,'Manhã','Horário 1','Quinta'),(1145,608,1,'Manhã','Horário 1','Quinta'),(1146,483,6,'Manhã','Horário 1','Quinta'),(1147,609,1,'Manhã','Horário 1','Quinta'),(1148,581,1,'Tarde','Horário 1','Quinta'),(1149,351,2,'Tarde','Horário 1','Quinta'),(1150,446,2,'Tarde','Horário 1','Quinta'),(1151,447,1,'Tarde','Horário 1','Quinta'),(1152,478,6,'Manhã','Horário 1','Quinta'),(1153,352,1,'Tarde','Horário 1','Quinta'),(1154,616,1,'Manhã','Horário 1','Quinta'),(1155,479,1,'Manhã','Horário 1','Quinta'),(1156,395,6,'Tarde','Horário 1','Quinta'),(1157,480,1,'Manhã','Horário 1','Quinta'),(1158,353,1,'Tarde','Horário 1','Quinta'),(1159,481,5,'Manhã','Horário 1','Quinta'),(1160,482,1,'Manhã','Horário 1','Quinta'),(1161,485,5,'Manhã','Horário 1','Quinta'),(1162,354,2,'Tarde','Horário 1','Quinta'),(1163,486,1,'Manhã','Horário 1','Quinta'),(1164,488,2,'Manhã','Horário 1','Quinta'),(1165,280,7,'Tarde','Horário 1','Quinta'),(1166,281,1,'Tarde','Horário 1','Quinta'),(1167,489,6,'Manhã','Horário 1','Quinta'),(1168,448,2,'Tarde','Horário 1','Quinta'),(1169,282,1,'Tarde','Horário 1','Quinta'),(1170,617,5,'Manhã','Horário 1','Quinta'),(1171,490,5,'Manhã','Horário 1','Quinta'),(1172,283,7,'Tarde','Horário 1','Quinta'),(1173,618,6,'Manhã','Horário 1','Quinta'),(1174,355,5,'Tarde','Horário 1','Quinta'),(1175,484,6,'Manhã','Horário 1','Quinta'),(1176,487,1,'Manhã','Horário 1','Quinta'),(1177,356,5,'Tarde','Horário 1','Quinta'),(1178,284,2,'Tarde','Horário 1','Quinta'),(1179,285,1,'Tarde','Horário 1','Quinta'),(1180,449,5,'Tarde','Horário 1','Quinta'),(1181,491,6,'Manhã','Horário 1','Quinta'),(1182,493,1,'Manhã','Horário 1','Quinta'),(1183,543,5,'Manhã','Horário 1','Quinta'),(1184,492,1,'Manhã','Horário 1','Quinta'),(1185,357,1,'Tarde','Horário 1','Quinta'),(1186,358,2,'Tarde','Horário 1','Quinta'),(1187,450,2,'Tarde','Horário 1','Quinta'),(1188,396,1,'Tarde','Horário 1','Quinta'),(1189,422,1,'Tarde','Horário 1','Quinta'),(1190,582,1,'Manhã','Horário 1','Quinta'),(1191,494,1,'Manhã','Horário 1','Quinta'),(1192,397,5,'Tarde','Horário 1','Quinta'),(1193,360,2,'Tarde','Horário 1','Quinta'),(1194,583,6,'Manhã','Horário 1','Quinta'),(1195,286,1,'Tarde','Horário 1','Quinta'),(1196,619,1,'Manhã','Horário 1','Quinta'),(1197,359,2,'Tarde','Horário 1','Quinta'),(1198,544,1,'Manhã','Horário 1','Quinta'),(1199,495,1,'Manhã','Horário 1','Quinta'),(1200,496,1,'Manhã','Horário 1','Quinta'),(1201,451,7,'Tarde','Horário 1','Quinta'),(1202,287,6,'Tarde','Horário 1','Quinta'),(1203,361,1,'Tarde','Horário 1','Quinta'),(1204,497,1,'Manhã','Horário 1','Quinta'),(1205,452,7,'Tarde','Horário 1','Quinta'),(1206,288,1,'Tarde','Horário 1','Quinta'),(1207,423,7,'Tarde','Horário 1','Quinta'),(1208,498,6,'Manhã','Horário 1','Quinta'),(1209,289,1,'Tarde','Horário 1','Quinta'),(1210,290,5,'Tarde','Horário 1','Quinta'),(1211,620,1,'Manhã','Horário 1','Quinta'),(1212,545,1,'Manhã','Horário 1','Quinta'),(1213,499,6,'Manhã','Horário 1','Quinta'),(1214,398,16,'Tarde','Horário 1','Quinta'),(1215,584,4,'Manhã','Horário 1','Quinta'),(1216,453,2,'Tarde','Horário 1','Quinta'),(1217,424,7,'Tarde','Horário 1','Quinta'),(1218,291,1,'Tarde','Horário 1','Quinta'),(1219,292,1,'Tarde','Horário 1','Quinta'),(1220,546,1,'Manhã','Horário 1','Quinta'),(1221,362,2,'Tarde','Horário 1','Quinta'),(1222,621,1,'Manhã','Horário 1','Quinta'),(1223,547,2,'Manhã','Horário 1','Quinta'),(1224,363,1,'Tarde','Horário 1','Quinta'),(1225,293,1,'Tarde','Horário 1','Quinta'),(1226,548,6,'Manhã','Horário 1','Quinta'),(1227,364,7,'Tarde','Horário 1','Quinta'),(1228,365,1,'Tarde','Horário 1','Quinta'),(1229,294,1,'Tarde','Horário 1','Quinta'),(1230,366,5,'Tarde','Horário 1','Quinta'),(1231,500,6,'Manhã','Horário 1','Quinta'),(1232,454,1,'Tarde','Horário 1','Quinta'),(1233,585,1,'Manhã','Horário 1','Quinta'),(1234,425,1,'Tarde','Horário 1','Quinta'),(1235,501,1,'Manhã','Horário 1','Quinta'),(1236,399,2,'Tarde','Horário 1','Quinta'),(1237,400,2,'Tarde','Horário 1','Quinta'),(1238,586,1,'Manhã','Horário 1','Quinta'),(1239,502,6,'Manhã','Horário 1','Quinta'),(1240,295,1,'Tarde','Horário 1','Quinta'),(1241,296,1,'Tarde','Horário 1','Quinta'),(1242,297,6,'Tarde','Horário 1','Quinta'),(1243,549,5,'Manhã','Horário 1','Quinta'),(1244,401,6,'Tarde','Horário 1','Quinta'),(1245,455,1,'Tarde','Horário 1','Quinta'),(1246,550,1,'Manhã','Horário 1','Quinta'),(1247,367,2,'Tarde','Horário 1','Quinta'),(1248,298,1,'Tarde','Horário 1','Quinta'),(1249,299,1,'Tarde','Horário 1','Quinta'),(1250,300,5,'Tarde','Horário 1','Quinta'),(1251,503,5,'Manhã','Horário 1','Quinta'),(1252,301,5,'Tarde','Horário 1','Quinta'),(1253,551,1,'Manhã','Horário 1','Quinta'),(1254,302,1,'Tarde','Horário 1','Quinta'),(1255,504,1,'Manhã','Horário 1','Quinta'),(1256,505,6,'Manhã','Horário 1','Quinta'),(1257,552,1,'Manhã','Horário 1','Quinta'),(1258,368,5,'Tarde','Horário 1','Quinta'),(1259,369,5,'Tarde','Horário 1','Quinta'),(1260,587,5,'Manhã','Horário 1','Quinta'),(1261,303,1,'Tarde','Horário 1','Quinta'),(1262,506,1,'Manhã','Horário 1','Quinta'),(1263,304,1,'Tarde','Horário 1','Quinta'),(1264,456,6,'Tarde','Horário 1','Quinta'),(1265,305,1,'Tarde','Horário 1','Quinta'),(1266,622,6,'Manhã','Horário 1','Quinta'),(1267,588,5,'Manhã','Horário 1','Quinta'),(1268,507,6,'Manhã','Horário 1','Quinta'),(1269,457,5,'Tarde','Horário 1','Quinta'),(1270,402,6,'Tarde','Horário 1','Quinta'),(1271,370,1,'Tarde','Horário 1','Quinta'),(1272,508,2,'Manhã','Horário 1','Quinta'),(1273,426,16,'Tarde','Horário 1','Quinta'),(1274,589,4,'Manhã','Horário 1','Quinta'),(1275,306,1,'Tarde','Horário 1','Quinta'),(1276,590,1,'Manhã','Horário 1','Quinta'),(1277,371,1,'Tarde','Horário 1','Quinta'),(1278,307,16,'Tarde','Horário 1','Quinta'),(1279,308,1,'Tarde','Horário 1','Quinta'),(1280,403,1,'Tarde','Horário 1','Quinta'),(1281,553,2,'Manhã','Horário 1','Quinta'),(1282,509,1,'Manhã','Horário 1','Quinta'),(1283,510,6,'Manhã','Horário 1','Quinta'),(1284,404,16,'Tarde','Horário 1','Quinta'),(1285,372,1,'Tarde','Horário 1','Quinta'),(1286,427,2,'Tarde','Horário 1','Quinta'),(1287,309,1,'Tarde','Horário 1','Quinta'),(1288,310,5,'Tarde','Horário 1','Quinta'),(1289,311,6,'Tarde','Horário 1','Quinta'),(1290,373,2,'Tarde','Horário 1','Quinta'),(1291,511,1,'Manhã','Horário 1','Quinta'),(1292,428,6,'Tarde','Horário 1','Quinta'),(1293,555,6,'Manhã','Horário 1','Quinta'),(1294,374,1,'Tarde','Horário 1','Quinta'),(1295,375,16,'Tarde','Horário 1','Quinta'),(1296,512,1,'Manhã','Horário 1','Quinta'),(1297,513,5,'Manhã','Horário 1','Quinta'),(1298,591,1,'Manhã','Horário 1','Quinta'),(1299,429,6,'Tarde','Horário 1','Quinta'),(1300,556,1,'Manhã','Horário 1','Quinta'),(1301,430,6,'Tarde','Horário 1','Quinta'),(1302,376,5,'Tarde','Horário 1','Quinta'),(1303,557,1,'Manhã','Horário 1','Quinta'),(1304,312,1,'Tarde','Horário 1','Quinta'),(1305,377,1,'Tarde','Horário 1','Quinta'),(1306,405,1,'Tarde','Horário 1','Quinta'),(1307,313,6,'Tarde','Horário 1','Quinta'),(1308,314,1,'Tarde','Horário 1','Quinta'),(1309,406,1,'Tarde','Horário 1','Quinta'),(1310,315,1,'Tarde','Horário 1','Quinta'),(1311,592,1,'Manhã','Horário 1','Quinta'),(1312,316,2,'Tarde','Horário 1','Quinta'),(1313,514,1,'Manhã','Horário 1','Quinta'),(1314,515,5,'Manhã','Horário 1','Quinta'),(1315,516,1,'Manhã','Horário 1','Quinta'),(1316,458,6,'Tarde','Horário 1','Quinta'),(1317,611,1,'Manhã','Horário 1','Quinta'),(1318,435,2,'Tarde','Horário 1','Quinta'),(1319,431,1,'Tarde','Horário 1','Quinta'),(1320,558,1,'Manhã','Horário 1','Quinta'),(1321,593,1,'Manhã','Horário 1','Quinta'),(1322,559,6,'Manhã','Horário 1','Quinta'),(1323,317,1,'Tarde','Horário 1','Quinta'),(1324,407,6,'Tarde','Horário 1','Quinta'),(1325,623,1,'Manhã','Horário 1','Quinta'),(1326,560,5,'Manhã','Horário 1','Quinta'),(1327,594,5,'Tarde','Horário 1','Quinta'),(1328,595,1,'Manhã','Horário 1','Quinta'),(1329,432,1,'Tarde','Horário 1','Quinta'),(1330,433,2,'Tarde','Horário 1','Quinta'),(1331,517,1,'Manhã','Horário 1','Quinta'),(1332,378,6,'Tarde','Horário 1','Quinta'),(1333,318,1,'Tarde','Horário 1','Quinta'),(1334,518,6,'Manhã','Horário 1','Quinta'),(1335,319,1,'Tarde','Horário 1','Quinta'),(1336,408,1,'Tarde','Horário 1','Quinta'),(1337,409,5,'Tarde','Horário 1','Quinta'),(1338,519,1,'Manhã','Horário 1','Quinta'),(1339,379,1,'Tarde','Horário 1','Quinta'),(1340,596,2,'Manhã','Horário 1','Quinta'),(1341,597,6,'Tarde','Horário 1','Quinta'),(1342,410,1,'Tarde','Horário 1','Quinta'),(1343,320,1,'Tarde','Horário 1','Quinta'),(1344,624,4,'Manhã','Horário 1','Quinta'),(1345,561,2,'Manhã','Horário 1','Quinta'),(1346,411,1,'Tarde','Horário 1','Quinta'),(1347,412,1,'Tarde','Horário 1','Quinta'),(1348,625,5,'Manhã','Horário 1','Quinta'),(1349,598,6,'Manhã','Horário 1','Quinta'),(1350,520,1,'Manhã','Horário 1','Quinta'),(1351,562,1,'Manhã','Horário 1','Quinta'),(1352,434,5,'Tarde','Horário 1','Quinta'),(1353,464,5,'Tarde','Horário 1','Quinta'),(1354,612,5,'Manhã','Horário 1','Quinta'),(1355,413,1,'Tarde','Horário 1','Quinta'),(1356,521,1,'Manhã','Horário 1','Quinta'),(1357,380,5,'Tarde','Horário 1','Quinta'),(1358,381,1,'Tarde','Horário 1','Quinta'),(1359,437,1,'Tarde','Horário 1','Quinta'),(1360,321,2,'Tarde','Horário 1','Quinta'),(1361,436,3,'Tarde','Horário 1','Quinta'),(1362,414,1,'Tarde','Horário 1','Quinta'),(1363,626,1,'Manhã','Horário 1','Quinta'),(1364,322,1,'Tarde','Horário 1','Quinta'),(1365,323,1,'Tarde','Horário 1','Quinta'),(1366,563,4,'Manhã','Horário 1','Quinta'),(1367,522,2,'Manhã','Horário 1','Quinta'),(1368,613,2,'Manhã','Horário 1','Quinta'),(1369,459,6,'Tarde','Horário 1','Quinta'),(1370,523,1,'Manhã','Horário 1','Quinta'),(1371,324,1,'Tarde','Horário 1','Quinta'),(1372,564,6,'Manhã','Horário 1','Quinta'),(1373,599,1,'Manhã','Horário 1','Quinta'),(1374,565,1,'Manhã','Horário 1','Quinta'),(1375,325,2,'Tarde','Horário 1','Quinta'),(1376,438,1,'Tarde','Horário 1','Quinta'),(1377,566,2,'Manhã','Horário 1','Quinta'),(1378,524,5,'Manhã','Horário 1','Quinta'),(1379,382,5,'Tarde','Horário 1','Quinta'),(1380,461,1,'Tarde','Horário 1','Quinta'),(1381,462,1,'Tarde','Horário 1','Quinta'),(1382,463,6,'Tarde','Horário 1','Quinta'),(1383,326,2,'Tarde','Horário 1','Quinta'),(1384,525,8,'Manhã','Horário 1','Quinta'),(1385,383,6,'Tarde','Horário 1','Quinta'),(1386,567,1,'Manhã','Horário 1','Quinta'),(1387,627,1,'Manhã','Horário 1','Quinta'),(1388,568,4,'Manhã','Horário 1','Quinta'),(1389,415,2,'Tarde','Horário 1','Quinta'),(1390,569,1,'Manhã','Horário 1','Quinta'),(1391,465,1,'Tarde','Horário 1','Quinta'),(1392,526,1,'Manhã','Horário 1','Quinta'),(1393,600,1,'Manhã','Horário 1','Quinta'),(1394,327,2,'Tarde','Horário 1','Quinta'),(1395,384,1,'Tarde','Horário 1','Quinta'),(1396,385,1,'Tarde','Horário 1','Quinta'),(1397,570,1,'Manhã','Horário 1','Quinta'),(1398,439,1,'Tarde','Horário 1','Quinta'),(1399,328,1,'Tarde','Horário 1','Quinta'),(1400,386,1,'Tarde','Horário 1','Quinta'),(1401,601,6,'Manhã','Horário 1','Quinta'),(1402,387,6,'Tarde','Horário 1','Quinta'),(1403,329,1,'Tarde','Horário 1','Quinta'),(1404,330,1,'Tarde','Horário 1','Quinta'),(1405,628,1,'Manhã','Horário 1','Quinta'),(1406,527,1,'Manhã','Horário 1','Quinta'),(1407,572,2,'Manhã','Horário 1','Quinta'),(1408,331,16,'Tarde','Horário 1','Quinta'),(1409,332,1,'Tarde','Horário 1','Quinta'),(1410,416,5,'Tarde','Horário 1','Quinta'),(1411,417,1,'Tarde','Horário 1','Quinta'),(1412,602,2,'Manhã','Horário 1','Quinta'),(1413,571,1,'Manhã','Horário 1','Quinta'),(1414,333,1,'Tarde','Horário 1','Quinta'),(1415,603,1,'Manhã','Horário 1','Quinta'),(1416,604,2,'Manhã','Horário 1','Quinta'),(1417,388,1,'Tarde','Horário 1','Quinta'),(1418,440,1,'Tarde','Horário 1','Quinta'),(1419,573,1,'Manhã','Horário 1','Quinta'),(1420,441,1,'Tarde','Horário 1','Quinta'),(1421,418,1,'Tarde','Horário 1','Quinta'),(1422,466,1,'Tarde','Horário 1','Quinta'),(1423,389,2,'Tarde','Horário 1','Quinta'),(1424,574,6,'Manhã','Horário 1','Quinta'),(1425,334,1,'Tarde','Horário 1','Quinta'),(1426,605,1,'Manhã','Horário 1','Quinta'),(1427,335,5,'Tarde','Horário 1','Quinta'),(1428,529,2,'Manhã','Horário 1','Quinta'),(1429,575,1,'Manhã','Horário 1','Quinta'),(1430,528,1,'Manhã','Horário 1','Quinta'),(1431,530,1,'Manhã','Horário 1','Quinta'),(1432,336,1,'Tarde','Horário 1','Quinta'),(1433,531,5,'Manhã','Horário 1','Quinta'),(1434,390,5,'Tarde','Horário 1','Quinta'),(1435,442,1,'Tarde','Horário 1','Quinta'),(1436,532,4,'Manhã','Horário 1','Quinta'),(1437,420,6,'Tarde','Horário 1','Quinta'),(1438,419,5,'Tarde','Horário 1','Quinta'),(1439,337,1,'Tarde','Horário 1','Quinta'),(1440,606,2,'Manhã','Horário 1','Quinta'),(1441,391,1,'Tarde','Horário 1','Quinta');
/*!40000 ALTER TABLE `matricula` ENABLE KEYS */;
UNLOCK TABLES;

--
-- Table structure for table `presenca`
--

DROP TABLE IF EXISTS `presenca`;
/*!40101 SET @saved_cs_client     = @@character_set_client */;
/*!50503 SET character_set_client = utf8mb4 */;
CREATE TABLE `presenca` (
  `id` int NOT NULL AUTO_INCREMENT,
  `aluno_id` int NOT NULL,
  `data` date NOT NULL,
  `status` varchar(20) NOT NULL,
  PRIMARY KEY (`id`),
  UNIQUE KEY `idx_aluno_data` (`aluno_id`,`data`),
  CONSTRAINT `presenca_ibfk_1` FOREIGN KEY (`aluno_id`) REFERENCES `alunos` (`id`) ON DELETE CASCADE
) ENGINE=InnoDB AUTO_INCREMENT=361521 DEFAULT CHARSET=utf8mb4 COLLATE=utf8mb4_0900_ai_ci;
/*!40101 SET character_set_client = @saved_cs_client */;

--
-- Dumping data for table `presenca`
--

LOCK TABLES `presenca` WRITE;
/*!40000 ALTER TABLE `presenca` DISABLE KEYS */;
INSERT INTO `presenca` VALUES (1,467,'2025-10-01','presente'),(2,468,'2025-10-01','presente'),(4,470,'2025-10-01','presente'),(5,471,'2025-10-01','presente'),(6,472,'2025-10-01','presente'),(8,474,'2025-10-01','presente'),(9,475,'2025-10-01','presente'),(10,476,'2025-10-01','presente'),(11,477,'2025-10-01','presente'),(14,480,'2025-10-01','presente'),(17,483,'2025-10-01','presente'),(18,484,'2025-10-01','presente'),(19,485,'2025-10-01','presente'),(20,486,'2025-10-01','presente'),(22,488,'2025-10-01','presente'),(23,489,'2025-10-01','presente'),(25,491,'2025-10-01','presente'),(26,492,'2025-10-01','presente'),(27,493,'2025-10-01','presente'),(28,494,'2025-10-01','presente'),(29,495,'2025-10-01','presente'),(30,496,'2025-10-01','presente'),(33,499,'2025-10-01','presente'),(34,500,'2025-10-01','presente'),(35,501,'2025-10-01','presente'),(36,502,'2025-10-01','presente'),(37,503,'2025-10-01','presente'),(38,504,'2025-10-01','presente'),(41,507,'2025-10-01','presente'),(44,510,'2025-10-01','presente'),(47,513,'2025-10-01','presente'),(51,517,'2025-10-01','presente'),(53,519,'2025-10-01','presente'),(55,521,'2025-10-01','presente'),(56,522,'2025-10-01','presente'),(62,528,'2025-10-01','presente'),(63,529,'2025-10-01','presente'),(64,530,'2025-10-01','presente'),(65,531,'2025-10-01','presente'),(534,612,'2025-10-01','presente'),(2574,534,'2025-10-01','presente'),(2575,535,'2025-10-01','presente'),(2577,537,'2025-10-01','presente'),(2578,538,'2025-10-01','presente'),(2579,539,'2025-10-01','presente'),(2581,541,'2025-10-01','presente'),(2582,542,'2025-10-01','presente'),(2583,543,'2025-10-01','presente'),(2585,545,'2025-10-01','presente'),(2586,546,'2025-10-01','presente'),(2588,548,'2025-10-01','presente'),(2590,550,'2025-10-01','presente'),(2592,552,'2025-10-01','presente'),(2593,553,'2025-10-01','presente'),(2595,555,'2025-10-01','presente'),(2598,558,'2025-10-01','presente'),(2599,559,'2025-10-01','presente'),(2600,560,'2025-10-01','presente'),(2601,561,'2025-10-01','presente'),(2603,563,'2025-10-01','presente'),(2604,564,'2025-10-01','presente'),(2605,565,'2025-10-01','presente'),(2606,566,'2025-10-01','presente'),(2607,567,'2025-10-01','presente'),(2609,569,'2025-10-01','presente'),(2610,570,'2025-10-01','presente'),(2611,571,'2025-10-01','presente'),(2612,572,'2025-10-01','presente'),(2613,573,'2025-10-01','presente'),(2614,574,'2025-10-01','presente'),(2615,575,'2025-10-01','presente'),(6517,614,'2025-10-01','presente'),(6519,616,'2025-10-01','presente'),(6520,617,'2025-10-01','presente'),(6521,618,'2025-10-01','presente'),(6523,620,'2025-10-01','presente'),(6524,621,'2025-10-01','presente'),(6526,623,'2025-10-01','presente'),(6528,625,'2025-10-01','presente'),(6529,626,'2025-10-01','presente'),(6531,628,'2025-10-01','presente'),(7434,576,'2025-10-01','presente'),(7435,577,'2025-10-01','presente'),(7436,578,'2025-10-01','presente'),(7437,579,'2025-10-01','presente'),(7438,580,'2025-10-01','presente'),(7439,581,'2025-10-01','presente'),(7443,585,'2025-10-01','presente'),(7447,589,'2025-10-01','presente'),(7448,590,'2025-10-01','presente'),(7449,591,'2025-10-01','presente'),(7450,592,'2025-10-01','presente'),(7451,593,'2025-10-01','presente'),(7453,595,'2025-10-01','presente'),(7454,596,'2025-10-01','presente'),(7455,597,'2025-10-01','presente'),(7456,598,'2025-10-01','presente'),(7457,599,'2025-10-01','presente'),(7458,600,'2025-10-01','presente'),(7459,601,'2025-10-01','presente'),(7460,602,'2025-10-01','presente'),(7461,603,'2025-10-01','presente'),(7462,604,'2025-10-01','presente'),(7463,605,'2025-10-01','presente'),(7464,606,'2025-10-01','presente'),(12679,444,'2025-10-01','presente'),(12681,446,'2025-10-01','presente'),(12682,447,'2025-10-01','presente'),(12683,448,'2025-10-01','presente'),(12684,449,'2025-10-01','presente'),(12687,452,'2025-10-01','presente'),(12688,453,'2025-10-01','presente'),(12689,454,'2025-10-01','presente'),(12692,457,'2025-10-01','presente'),(12693,458,'2025-10-01','presente'),(12694,459,'2025-10-01','presente'),(12696,461,'2025-10-01','presente'),(12697,462,'2025-10-01','presente'),(12698,463,'2025-10-01','presente'),(12700,465,'2025-10-01','presente'),(15660,338,'2025-10-01','presente'),(15662,340,'2025-10-01','presente'),(15665,343,'2025-10-01','presente'),(15667,345,'2025-10-01','presente'),(15668,346,'2025-10-01','presente'),(15670,348,'2025-10-01','presente'),(15671,349,'2025-10-01','presente'),(15674,352,'2025-10-01','presente'),(15676,354,'2025-10-01','presente'),(15678,356,'2025-10-01','presente'),(15681,359,'2025-10-01','presente'),(15682,360,'2025-10-01','presente'),(15684,362,'2025-10-01','presente'),(15685,363,'2025-10-01','presente'),(15687,365,'2025-10-01','presente'),(15688,366,'2025-10-01','presente'),(15689,367,'2025-10-01','presente'),(15692,370,'2025-10-01','presente'),(15696,374,'2025-10-01','presente'),(15697,375,'2025-10-01','presente'),(15698,376,'2025-10-01','presente'),(15699,377,'2025-10-01','presente'),(15702,380,'2025-10-01','presente'),(15703,381,'2025-10-01','presente'),(15704,382,'2025-10-01','presente'),(15709,387,'2025-10-01','presente'),(15710,388,'2025-10-01','presente'),(15711,389,'2025-10-01','presente'),(15712,390,'2025-10-01','presente'),(16380,264,'2025-10-01','presente'),(16381,265,'2025-10-01','presente'),(16382,266,'2025-10-01','presente'),(16383,267,'2025-10-01','presente'),(16384,268,'2025-10-01','presente'),(16386,270,'2025-10-01','presente'),(16387,271,'2025-10-01','presente'),(16388,272,'2025-10-01','presente'),(16389,273,'2025-10-01','presente'),(16390,274,'2025-10-01','presente'),(16391,275,'2025-10-01','presente'),(16392,276,'2025-10-01','presente'),(16393,277,'2025-10-01','presente'),(16394,278,'2025-10-01','presente'),(16395,279,'2025-10-01','presente'),(16396,280,'2025-10-01','presente'),(16397,281,'2025-10-01','presente'),(16398,282,'2025-10-01','presente'),(16399,283,'2025-10-01','presente'),(16401,285,'2025-10-01','presente'),(16402,286,'2025-10-01','presente'),(16403,287,'2025-10-01','presente'),(16404,288,'2025-10-01','presente'),(16405,289,'2025-10-01','presente'),(16406,290,'2025-10-01','presente'),(16407,291,'2025-10-01','presente'),(16409,293,'2025-10-01','presente'),(16412,296,'2025-10-01','presente'),(16413,297,'2025-10-01','presente'),(16414,298,'2025-10-01','presente'),(16415,299,'2025-10-01','presente'),(16416,300,'2025-10-01','presente'),(16418,302,'2025-10-01','presente'),(16419,303,'2025-10-01','presente'),(16420,304,'2025-10-01','presente'),(16422,306,'2025-10-01','presente'),(16423,307,'2025-10-01','presente'),(16424,308,'2025-10-01','presente'),(16425,309,'2025-10-01','presente'),(16427,311,'2025-10-01','presente'),(16429,313,'2025-10-01','presente'),(16430,314,'2025-10-01','presente'),(16431,315,'2025-10-01','presente'),(16432,316,'2025-10-01','presente'),(16433,317,'2025-10-01','presente'),(16436,320,'2025-10-01','presente'),(16437,321,'2025-10-01','presente'),(16438,322,'2025-10-01','presente'),(16439,323,'2025-10-01','presente'),(16442,326,'2025-10-01','presente'),(16443,327,'2025-10-01','presente'),(16444,328,'2025-10-01','presente'),(16445,329,'2025-10-01','presente'),(16446,330,'2025-10-01','presente'),(16447,331,'2025-10-01','presente'),(16448,332,'2025-10-01','presente'),(16449,333,'2025-10-01','presente'),(16450,334,'2025-10-01','presente'),(16451,335,'2025-10-01','presente'),(16452,336,'2025-10-01','presente'),(16453,337,'2025-10-01','presente'),(36579,422,'2025-10-01','presente'),(36580,423,'2025-10-01','presente'),(36583,426,'2025-10-01','presente'),(36584,427,'2025-10-01','presente'),(36585,428,'2025-10-01','presente'),(36586,429,'2025-10-01','presente'),(36587,430,'2025-10-01','presente'),(36588,431,'2025-10-01','presente'),(36590,433,'2025-10-01','presente'),(36591,434,'2025-10-01','presente'),(36593,436,'2025-10-01','presente'),(36595,438,'2025-10-01','presente'),(36598,441,'2025-10-01','presente'),(59929,393,'2025-10-01','presente'),(59930,394,'2025-10-01','presente'),(59931,395,'2025-10-01','presente'),(59932,396,'2025-10-01','presente'),(59934,398,'2025-10-01','presente'),(59935,399,'2025-10-01','presente'),(59936,400,'2025-10-01','presente'),(59938,402,'2025-10-01','presente'),(59939,403,'2025-10-01','presente'),(59940,404,'2025-10-01','presente'),(59941,405,'2025-10-01','presente'),(59942,406,'2025-10-01','presente'),(59944,408,'2025-10-01','presente'),(59946,410,'2025-10-01','presente'),(59947,411,'2025-10-01','presente'),(59948,412,'2025-10-01','presente'),(59949,413,'2025-10-01','presente'),(59950,414,'2025-10-01','presente'),(59951,415,'2025-10-01','presente'),(59952,416,'2025-10-01','presente'),(59954,418,'2025-10-01','presente'),(59955,419,'2025-10-01','presente'),(59956,420,'2025-10-01','presente'),(100083,472,'2025-10-02','presente'),(100084,473,'2025-10-02','presente'),(100086,475,'2025-10-02','presente'),(100088,477,'2025-10-02','presente'),(100091,480,'2025-10-02','presente'),(100094,483,'2025-10-02','presente'),(100097,486,'2025-10-02','presente'),(100099,488,'2025-10-02','presente'),(100117,506,'2025-10-02','presente'),(100123,512,'2025-10-02','presente'),(100127,516,'2025-10-02','presente'),(100130,519,'2025-10-02','presente'),(100139,528,'2025-10-02','presente'),(100140,529,'2025-10-02','presente'),(100142,531,'2025-10-02','presente'),(100607,534,'2025-10-02','presente'),(100608,535,'2025-10-02','presente'),(100610,537,'2025-10-02','presente'),(100611,538,'2025-10-02','presente'),(100612,539,'2025-10-02','presente'),(100614,541,'2025-10-02','presente'),(100615,542,'2025-10-02','presente'),(100617,544,'2025-10-02','presente'),(100619,546,'2025-10-02','presente'),(100620,547,'2025-10-02','presente'),(100621,548,'2025-10-02','presente'),(100622,549,'2025-10-02','presente'),(100623,550,'2025-10-02','presente'),(100625,552,'2025-10-02','presente'),(100628,555,'2025-10-02','presente'),(100629,556,'2025-10-02','presente'),(100630,557,'2025-10-02','presente'),(100631,558,'2025-10-02','presente'),(100632,559,'2025-10-02','presente'),(100634,561,'2025-10-02','presente'),(100635,562,'2025-10-02','presente'),(100638,565,'2025-10-02','presente'),(100639,566,'2025-10-02','presente'),(100640,567,'2025-10-02','presente'),(100641,568,'2025-10-02','presente'),(100642,569,'2025-10-02','presente'),(100643,570,'2025-10-02','presente'),(100644,571,'2025-10-02','presente'),(100646,573,'2025-10-02','presente'),(101766,608,'2025-10-02','presente'),(101767,609,'2025-10-02','presente'),(103293,614,'2025-10-02','presente'),(103295,616,'2025-10-02','presente'),(103296,617,'2025-10-02','presente'),(103297,618,'2025-10-02','presente'),(103298,619,'2025-10-02','presente'),(103299,620,'2025-10-02','presente'),(103300,621,'2025-10-02','presente'),(103301,622,'2025-10-02','presente'),(103302,623,'2025-10-02','presente'),(103303,624,'2025-10-02','presente'),(103305,626,'2025-10-02','presente'),(103307,628,'2025-10-02','presente'),(111785,577,'2025-10-02','presente'),(111786,578,'2025-10-02','presente'),(111787,579,'2025-10-02','presente'),(111789,581,'2025-10-02','presente'),(111790,582,'2025-10-02','presente'),(111791,583,'2025-10-02','presente'),(111792,584,'2025-10-02','presente'),(111797,589,'2025-10-02','presente'),(111798,590,'2025-10-02','presente'),(111799,591,'2025-10-02','presente'),(111800,592,'2025-10-02','presente'),(111801,593,'2025-10-02','presente'),(111803,595,'2025-10-02','presente'),(111804,596,'2025-10-02','presente'),(111805,597,'2025-10-02','presente'),(111806,598,'2025-10-02','presente'),(111807,599,'2025-10-02','presente'),(111808,600,'2025-10-02','presente'),(111809,601,'2025-10-02','presente'),(111810,602,'2025-10-02','presente'),(111811,603,'2025-10-02','presente'),(111812,604,'2025-10-02','presente'),(111813,605,'2025-10-02','presente'),(111814,606,'2025-10-02','presente'),(118427,444,'2025-10-02','presente'),(118429,446,'2025-10-02','presente'),(118431,448,'2025-10-02','presente'),(118432,449,'2025-10-02','presente'),(118433,450,'2025-10-02','presente'),(118435,452,'2025-10-02','presente'),(118436,453,'2025-10-02','presente'),(118437,454,'2025-10-02','presente'),(118439,456,'2025-10-02','presente'),(118441,458,'2025-10-02','presente'),(118442,459,'2025-10-02','presente'),(118445,462,'2025-10-02','presente'),(118446,463,'2025-10-02','presente'),(118447,464,'2025-10-02','presente'),(118448,465,'2025-10-02','presente'),(118449,466,'2025-10-02','presente'),(122518,264,'2025-10-02','presente'),(122521,267,'2025-10-02','presente'),(122524,270,'2025-10-02','presente'),(122525,271,'2025-10-02','presente'),(122527,273,'2025-10-02','presente'),(122528,274,'2025-10-02','presente'),(122529,275,'2025-10-02','presente'),(122530,276,'2025-10-02','presente'),(122532,278,'2025-10-02','presente'),(122533,279,'2025-10-02','presente'),(122534,280,'2025-10-02','presente'),(122536,282,'2025-10-02','presente'),(122538,284,'2025-10-02','presente'),(122539,285,'2025-10-02','presente'),(122540,286,'2025-10-02','presente'),(122541,287,'2025-10-02','presente'),(122543,289,'2025-10-02','presente'),(122544,290,'2025-10-02','presente'),(122547,293,'2025-10-02','presente'),(122551,297,'2025-10-02','presente'),(122552,298,'2025-10-02','presente'),(122554,300,'2025-10-02','presente'),(122555,301,'2025-10-02','presente'),(122556,302,'2025-10-02','presente'),(122557,303,'2025-10-02','presente'),(122558,304,'2025-10-02','presente'),(122562,308,'2025-10-02','presente'),(122563,309,'2025-10-02','presente'),(122565,311,'2025-10-02','presente'),(122566,312,'2025-10-02','presente'),(122567,313,'2025-10-02','presente'),(122568,314,'2025-10-02','presente'),(122569,315,'2025-10-02','presente'),(122570,316,'2025-10-02','presente'),(122571,317,'2025-10-02','presente'),(122572,318,'2025-10-02','presente'),(122574,320,'2025-10-02','presente'),(122575,321,'2025-10-02','presente'),(122576,322,'2025-10-02','presente'),(122577,323,'2025-10-02','presente'),(122580,326,'2025-10-02','presente'),(122581,327,'2025-10-02','presente'),(122583,329,'2025-10-02','presente'),(122585,331,'2025-10-02','presente'),(122587,333,'2025-10-02','presente'),(122588,334,'2025-10-02','presente'),(122589,335,'2025-10-02','presente'),(122591,337,'2025-10-02','presente'),(125612,348,'2025-09-30','presente'),(125631,367,'2025-09-30','presente'),(127462,338,'2025-10-02','presente'),(127464,340,'2025-10-02','presente'),(127467,343,'2025-10-02','presente'),(127468,344,'2025-10-02','presente'),(127469,345,'2025-10-02','presente'),(127470,346,'2025-10-02','presente'),(127471,347,'2025-10-02','presente'),(127472,348,'2025-10-02','presente'),(127473,349,'2025-10-02','presente'),(127475,351,'2025-10-02','presente'),(127476,352,'2025-10-02','presente'),(127478,354,'2025-10-02','presente'),(127480,356,'2025-10-02','presente'),(127481,357,'2025-10-02','presente'),(127483,359,'2025-10-02','presente'),(127484,360,'2025-10-02','presente'),(127486,362,'2025-10-02','presente'),(127487,363,'2025-10-02','presente'),(127488,364,'2025-10-02','presente'),(127489,365,'2025-10-02','presente'),(127490,366,'2025-10-02','presente'),(127491,367,'2025-10-02','presente'),(127494,370,'2025-10-02','presente'),(127495,371,'2025-10-02','presente'),(127496,372,'2025-10-02','presente'),(127497,373,'2025-10-02','presente'),(127498,374,'2025-10-02','presente'),(127499,375,'2025-10-02','presente'),(127501,377,'2025-10-02','presente'),(127504,380,'2025-10-02','presente'),(127505,381,'2025-10-02','presente'),(127506,382,'2025-10-02','presente'),(127507,383,'2025-10-02','presente'),(127510,386,'2025-10-02','presente'),(127512,388,'2025-10-02','presente'),(127513,389,'2025-10-02','presente'),(127514,390,'2025-10-02','presente'),(138379,422,'2025-10-02','presente'),(138380,423,'2025-10-02','presente'),(138381,424,'2025-10-02','presente'),(138382,425,'2025-10-02','presente'),(138386,429,'2025-10-02','presente'),(138387,430,'2025-10-02','presente'),(138392,435,'2025-10-02','presente'),(138393,436,'2025-10-02','presente'),(138399,442,'2025-10-02','presente'),(150029,393,'2025-10-02','presente'),(150030,394,'2025-10-02','presente'),(150031,395,'2025-10-02','presente'),(150032,396,'2025-10-02','presente'),(150034,398,'2025-10-02','presente'),(150035,399,'2025-10-02','presente'),(150036,400,'2025-10-02','presente'),(150038,402,'2025-10-02','presente'),(150039,403,'2025-10-02','presente'),(150040,404,'2025-10-02','presente'),(150041,405,'2025-10-02','presente'),(150042,406,'2025-10-02','presente'),(150043,407,'2025-10-02','presente'),(150044,408,'2025-10-02','presente'),(150045,409,'2025-10-02','presente'),(150046,410,'2025-10-02','presente'),(150047,411,'2025-10-02','presente'),(150049,413,'2025-10-02','presente'),(150050,414,'2025-10-02','presente'),(150051,415,'2025-10-02','presente'),(150052,416,'2025-10-02','presente'),(150054,418,'2025-10-02','presente'),(150055,419,'2025-10-02','presente'),(182825,538,'2025-10-03','presente'),(182829,542,'2025-10-03','presente'),(182830,543,'2025-10-03','presente'),(182837,550,'2025-10-03','presente'),(182839,552,'2025-10-03','presente'),(182845,558,'2025-10-03','presente'),(182850,563,'2025-10-03','presente'),(182855,568,'2025-10-03','presente'),(183165,608,'2025-10-03','presente'),(183220,473,'2025-10-03','presente'),(183826,533,'2025-10-06','presente'),(183827,534,'2025-10-06','presente'),(183830,537,'2025-10-06','presente'),(183831,538,'2025-10-06','presente'),(183832,539,'2025-10-06','presente'),(183833,540,'2025-10-06','presente'),(183834,541,'2025-10-06','presente'),(183835,542,'2025-10-06','presente'),(183836,543,'2025-10-06','presente'),(183838,545,'2025-10-06','presente'),(183845,552,'2025-10-06','presente'),(183848,555,'2025-10-06','presente'),(183850,557,'2025-10-06','presente'),(183851,558,'2025-10-06','presente'),(183852,559,'2025-10-06','presente'),(183853,560,'2025-10-06','presente'),(183855,562,'2025-10-06','presente'),(183856,563,'2025-10-06','presente'),(183857,564,'2025-10-06','presente'),(183859,566,'2025-10-06','presente'),(183860,567,'2025-10-06','presente'),(183861,568,'2025-10-06','presente'),(183862,569,'2025-10-06','presente'),(183863,570,'2025-10-06','presente'),(183864,571,'2025-10-06','presente'),(183865,572,'2025-10-06','presente'),(183866,573,'2025-10-06','presente'),(185073,467,'2025-10-06','presente'),(185074,468,'2025-10-06','presente'),(185075,469,'2025-10-06','presente'),(185077,471,'2025-10-06','presente'),(185079,473,'2025-10-06','presente'),(185080,474,'2025-10-06','presente'),(185081,475,'2025-10-06','presente'),(185083,477,'2025-10-06','presente'),(185086,480,'2025-10-06','presente'),(185090,484,'2025-10-06','presente'),(185091,485,'2025-10-06','presente'),(185092,486,'2025-10-06','presente'),(185094,488,'2025-10-06','presente'),(185097,491,'2025-10-06','presente'),(185098,492,'2025-10-06','presente'),(185103,497,'2025-10-06','presente'),(185105,499,'2025-10-06','presente'),(185106,500,'2025-10-06','presente'),(185107,501,'2025-10-06','presente'),(185108,502,'2025-10-06','presente'),(185114,508,'2025-10-06','presente'),(185116,510,'2025-10-06','presente'),(185118,512,'2025-10-06','presente'),(185119,513,'2025-10-06','presente'),(185122,516,'2025-10-06','presente'),(185123,517,'2025-10-06','presente'),(185124,518,'2025-10-06','presente'),(185127,521,'2025-10-06','presente'),(185128,522,'2025-10-06','presente'),(185132,526,'2025-10-06','presente'),(185134,528,'2025-10-06','presente'),(185135,529,'2025-10-06','presente'),(185136,530,'2025-10-06','presente'),(185137,531,'2025-10-06','presente'),(185138,532,'2025-10-06','presente'),(185509,614,'2025-10-06','presente'),(185510,615,'2025-10-06','presente'),(185511,616,'2025-10-06','presente'),(185512,617,'2025-10-06','presente'),(185513,618,'2025-10-06','presente'),(185515,620,'2025-10-06','presente'),(185516,621,'2025-10-06','presente'),(185518,623,'2025-10-06','presente'),(185519,624,'2025-10-06','presente'),(185521,626,'2025-10-06','presente'),(185523,628,'2025-10-06','presente'),(185633,607,'2025-10-06','presente'),(185634,608,'2025-10-06','presente'),(185635,609,'2025-10-06','presente'),(194280,577,'2025-10-06','presente'),(194281,578,'2025-10-06','presente'),(194282,579,'2025-10-06','presente'),(194283,580,'2025-10-06','presente'),(194284,581,'2025-10-06','presente'),(194285,582,'2025-10-06','presente'),(194286,583,'2025-10-06','presente'),(194291,588,'2025-10-06','presente'),(194292,589,'2025-10-06','presente'),(194294,591,'2025-10-06','presente'),(194295,592,'2025-10-06','presente'),(194296,593,'2025-10-06','presente'),(194298,595,'2025-10-06','presente'),(194300,597,'2025-10-06','presente'),(194301,598,'2025-10-06','presente'),(194302,599,'2025-10-06','presente'),(194303,600,'2025-10-06','presente'),(194304,601,'2025-10-06','presente'),(194305,602,'2025-10-06','presente'),(194308,605,'2025-10-06','presente'),(194309,606,'2025-10-06','presente'),(202162,338,'2025-10-06','presente'),(202164,340,'2025-10-06','presente'),(202166,342,'2025-10-06','presente'),(202169,345,'2025-10-06','presente'),(202170,346,'2025-10-06','presente'),(202171,347,'2025-10-06','presente'),(202172,348,'2025-10-06','presente'),(202173,349,'2025-10-06','presente'),(202175,351,'2025-10-06','presente'),(202178,354,'2025-10-06','presente'),(202179,355,'2025-10-06','presente'),(202180,356,'2025-10-06','presente'),(202181,357,'2025-10-06','presente'),(202183,359,'2025-10-06','presente'),(202184,360,'2025-10-06','presente'),(202187,363,'2025-10-06','presente'),(202189,365,'2025-10-06','presente'),(202190,366,'2025-10-06','presente'),(202191,367,'2025-10-06','presente'),(202193,369,'2025-10-06','presente'),(202194,370,'2025-10-06','presente'),(202195,371,'2025-10-06','presente'),(202196,372,'2025-10-06','presente'),(202197,373,'2025-10-06','presente'),(202198,374,'2025-10-06','presente'),(202199,375,'2025-10-06','presente'),(202200,376,'2025-10-06','presente'),(202201,377,'2025-10-06','presente'),(202204,380,'2025-10-06','presente'),(202205,381,'2025-10-06','presente'),(202206,382,'2025-10-06','presente'),(202207,383,'2025-10-06','presente'),(202208,384,'2025-10-06','presente'),(202210,386,'2025-10-06','presente'),(202211,387,'2025-10-06','presente'),(202212,388,'2025-10-06','presente'),(202213,389,'2025-10-06','presente'),(202214,390,'2025-10-06','presente'),(204322,264,'2025-10-06','presente'),(204323,265,'2025-10-06','presente'),(204324,266,'2025-10-06','presente'),(204326,268,'2025-10-06','presente'),(204327,269,'2025-10-06','presente'),(204329,271,'2025-10-06','presente'),(204330,272,'2025-10-06','presente'),(204331,273,'2025-10-06','presente'),(204332,274,'2025-10-06','presente'),(204333,275,'2025-10-06','presente'),(204334,276,'2025-10-06','presente'),(204336,278,'2025-10-06','presente'),(204337,279,'2025-10-06','presente'),(204342,284,'2025-10-06','presente'),(204343,285,'2025-10-06','presente'),(204346,288,'2025-10-06','presente'),(204347,289,'2025-10-06','presente'),(204348,290,'2025-10-06','presente'),(204351,293,'2025-10-06','presente'),(204355,297,'2025-10-06','presente'),(204356,298,'2025-10-06','presente'),(204358,300,'2025-10-06','presente'),(204360,302,'2025-10-06','presente'),(204361,303,'2025-10-06','presente'),(204362,304,'2025-10-06','presente'),(204363,305,'2025-10-06','presente'),(204365,307,'2025-10-06','presente'),(204366,308,'2025-10-06','presente'),(204373,315,'2025-10-06','presente'),(204374,316,'2025-10-06','presente'),(204375,317,'2025-10-06','presente'),(204376,318,'2025-10-06','presente'),(204378,320,'2025-10-06','presente'),(204384,326,'2025-10-06','presente'),(204385,327,'2025-10-06','presente'),(204386,328,'2025-10-06','presente'),(204387,329,'2025-10-06','presente'),(204389,331,'2025-10-06','presente'),(204391,333,'2025-10-06','presente'),(204394,336,'2025-10-06','presente'),(204395,337,'2025-10-06','presente'),(228850,421,'2025-10-06','presente'),(228851,422,'2025-10-06','presente'),(228852,423,'2025-10-06','presente'),(228853,424,'2025-10-06','presente'),(228854,425,'2025-10-06','presente'),(228855,426,'2025-10-06','presente'),(228856,427,'2025-10-06','presente'),(228857,428,'2025-10-06','presente'),(228858,429,'2025-10-06','presente'),(228859,430,'2025-10-06','presente'),(228860,431,'2025-10-06','presente'),(228862,433,'2025-10-06','presente'),(228863,434,'2025-10-06','presente'),(228865,436,'2025-10-06','presente'),(228867,438,'2025-10-06','presente'),(228868,439,'2025-10-06','presente'),(228869,440,'2025-10-06','presente'),(228870,441,'2025-10-06','presente'),(228871,442,'2025-10-06','presente'),(235402,392,'2025-10-06','presente'),(235403,393,'2025-10-06','presente'),(235404,394,'2025-10-06','presente'),(235405,395,'2025-10-06','presente'),(235409,399,'2025-10-06','presente'),(235410,400,'2025-10-06','presente'),(235412,402,'2025-10-06','presente'),(235415,405,'2025-10-06','presente'),(235416,406,'2025-10-06','presente'),(235418,408,'2025-10-06','presente'),(235419,409,'2025-10-06','presente'),(235420,410,'2025-10-06','presente'),(235422,412,'2025-10-06','presente'),(235423,413,'2025-10-06','presente'),(235424,414,'2025-10-06','presente'),(235425,415,'2025-10-06','presente'),(235426,416,'2025-10-06','presente'),(235427,417,'2025-10-06','presente'),(235428,418,'2025-10-06','presente'),(235430,420,'2025-10-06','presente'),(246148,443,'2025-10-06','presente'),(246149,444,'2025-10-06','presente'),(246150,445,'2025-10-06','presente'),(246151,446,'2025-10-06','presente'),(246152,447,'2025-10-06','presente'),(246153,448,'2025-10-06','presente'),(246154,449,'2025-10-06','presente'),(246157,452,'2025-10-06','presente'),(246158,453,'2025-10-06','presente'),(246161,456,'2025-10-06','presente'),(246162,457,'2025-10-06','presente'),(246163,458,'2025-10-06','presente'),(246164,459,'2025-10-06','presente'),(246166,461,'2025-10-06','presente'),(246167,462,'2025-10-06','presente'),(246168,463,'2025-10-06','presente'),(246170,465,'2025-10-06','presente'),(246171,466,'2025-10-06','presente'),(277055,533,'2025-10-07','presente'),(277056,534,'2025-10-07','presente'),(277057,535,'2025-10-07','presente'),(277060,538,'2025-10-07','presente'),(277061,539,'2025-10-07','presente'),(277062,540,'2025-10-07','presente'),(277063,541,'2025-10-07','presente'),(277064,542,'2025-10-07','presente'),(277065,543,'2025-10-07','presente'),(277067,545,'2025-10-07','presente'),(277069,547,'2025-10-07','presente'),(277071,549,'2025-10-07','presente'),(277072,550,'2025-10-07','presente'),(277074,552,'2025-10-07','presente'),(277077,555,'2025-10-07','presente'),(277078,556,'2025-10-07','presente'),(277079,557,'2025-10-07','presente'),(277080,558,'2025-10-07','presente'),(277081,559,'2025-10-07','presente'),(277082,560,'2025-10-07','presente'),(277083,561,'2025-10-07','presente'),(277084,562,'2025-10-07','presente'),(277086,564,'2025-10-07','presente'),(277087,565,'2025-10-07','presente'),(277088,566,'2025-10-07','presente'),(277089,567,'2025-10-07','presente'),(277090,568,'2025-10-07','presente'),(277091,569,'2025-10-07','presente'),(277092,570,'2025-10-07','presente'),(277093,571,'2025-10-07','presente'),(277094,572,'2025-10-07','presente'),(277095,573,'2025-10-07','presente'),(277096,574,'2025-10-07','presente'),(277097,575,'2025-10-07','presente'),(278388,467,'2025-10-07','presente'),(278389,468,'2025-10-07','presente'),(278390,469,'2025-10-07','presente'),(278392,471,'2025-10-07','presente'),(278394,473,'2025-10-07','presente'),(278395,474,'2025-10-07','presente'),(278396,475,'2025-10-07','presente'),(278397,476,'2025-10-07','presente'),(278398,477,'2025-10-07','presente'),(278401,480,'2025-10-07','presente'),(278402,481,'2025-10-07','presente'),(278404,483,'2025-10-07','presente'),(278405,484,'2025-10-07','presente'),(278409,488,'2025-10-07','presente'),(278410,489,'2025-10-07','presente'),(278412,491,'2025-10-07','presente'),(278414,493,'2025-10-07','presente'),(278417,496,'2025-10-07','presente'),(278421,500,'2025-10-07','presente'),(278422,501,'2025-10-07','presente'),(278423,502,'2025-10-07','presente'),(278424,503,'2025-10-07','presente'),(278425,504,'2025-10-07','presente'),(278427,506,'2025-10-07','presente'),(278428,507,'2025-10-07','presente'),(278429,508,'2025-10-07','presente'),(278431,510,'2025-10-07','presente'),(278432,511,'2025-10-07','presente'),(278433,512,'2025-10-07','presente'),(278434,513,'2025-10-07','presente'),(278435,514,'2025-10-07','presente'),(278436,515,'2025-10-07','presente'),(278437,516,'2025-10-07','presente'),(278438,517,'2025-10-07','presente'),(278439,518,'2025-10-07','presente'),(278440,519,'2025-10-07','presente'),(278441,520,'2025-10-07','presente'),(278442,521,'2025-10-07','presente'),(278443,522,'2025-10-07','presente'),(278445,524,'2025-10-07','presente'),(278446,525,'2025-10-07','presente'),(278447,526,'2025-10-07','presente'),(278448,527,'2025-10-07','presente'),(278450,529,'2025-10-07','presente'),(278451,530,'2025-10-07','presente'),(278452,531,'2025-10-07','presente'),(278453,532,'2025-10-07','presente'),(280895,607,'2025-10-07','presente'),(280896,608,'2025-10-07','presente'),(280897,609,'2025-10-07','presente'),(287623,614,'2025-10-07','presente'),(287625,616,'2025-10-07','presente'),(287626,617,'2025-10-07','presente'),(287627,618,'2025-10-07','presente'),(287629,620,'2025-10-07','presente'),(287630,621,'2025-10-07','presente'),(287632,623,'2025-10-07','presente'),(287633,624,'2025-10-07','presente'),(287635,626,'2025-10-07','presente'),(287637,628,'2025-10-07','presente'),(290617,576,'2025-10-07','presente'),(290618,577,'2025-10-07','presente'),(290619,578,'2025-10-07','presente'),(290620,579,'2025-10-07','presente'),(290622,581,'2025-10-07','presente'),(290623,582,'2025-10-07','presente'),(290624,583,'2025-10-07','presente'),(290625,584,'2025-10-07','presente'),(290630,589,'2025-10-07','presente'),(290631,590,'2025-10-07','presente'),(290632,591,'2025-10-07','presente'),(290633,592,'2025-10-07','presente'),(290634,593,'2025-10-07','presente'),(290636,595,'2025-10-07','presente'),(290637,596,'2025-10-07','presente'),(290638,597,'2025-10-07','presente'),(290639,598,'2025-10-07','presente'),(290640,599,'2025-10-07','presente'),(290641,600,'2025-10-07','presente'),(290642,601,'2025-10-07','presente'),(290643,602,'2025-10-07','presente'),(290644,603,'2025-10-07','presente'),(290645,604,'2025-10-07','presente'),(290646,605,'2025-10-07','presente'),(290647,606,'2025-10-07','presente'),(294925,338,'2025-10-07','presente'),(294927,340,'2025-10-07','presente'),(294929,342,'2025-10-07','presente'),(294930,343,'2025-10-07','presente'),(294932,345,'2025-10-07','presente'),(294933,346,'2025-10-07','presente'),(294934,347,'2025-10-07','presente'),(294935,348,'2025-10-07','presente'),(294936,349,'2025-10-07','presente'),(294938,351,'2025-10-07','presente'),(294939,352,'2025-10-07','presente'),(294941,354,'2025-10-07','presente'),(294942,355,'2025-10-07','presente'),(294943,356,'2025-10-07','presente'),(294944,357,'2025-10-07','presente'),(294946,359,'2025-10-07','presente'),(294947,360,'2025-10-07','presente'),(294949,362,'2025-10-07','presente'),(294950,363,'2025-10-07','presente'),(294952,365,'2025-10-07','presente'),(294954,367,'2025-10-07','presente'),(294956,369,'2025-10-07','presente'),(294957,370,'2025-10-07','presente'),(294958,371,'2025-10-07','presente'),(294959,372,'2025-10-07','presente'),(294960,373,'2025-10-07','presente'),(294962,375,'2025-10-07','presente'),(294963,376,'2025-10-07','presente'),(294964,377,'2025-10-07','presente'),(294966,379,'2025-10-07','presente'),(294967,380,'2025-10-07','presente'),(294969,382,'2025-10-07','presente'),(294970,383,'2025-10-07','presente'),(294973,386,'2025-10-07','presente'),(294974,387,'2025-10-07','presente'),(294975,388,'2025-10-07','presente'),(295358,265,'2025-10-07','presente'),(295359,266,'2025-10-07','presente'),(295360,267,'2025-10-07','presente'),(295364,271,'2025-10-07','presente'),(295365,272,'2025-10-07','presente'),(295366,273,'2025-10-07','presente'),(295369,276,'2025-10-07','presente'),(295371,278,'2025-10-07','presente'),(295373,280,'2025-10-07','presente'),(295374,281,'2025-10-07','presente'),(295377,284,'2025-10-07','presente'),(295378,285,'2025-10-07','presente'),(295385,292,'2025-10-07','presente'),(295386,293,'2025-10-07','presente'),(295389,296,'2025-10-07','presente'),(295394,301,'2025-10-07','presente'),(295396,303,'2025-10-07','presente'),(295399,306,'2025-10-07','presente'),(295400,307,'2025-10-07','presente'),(295401,308,'2025-10-07','presente'),(295402,309,'2025-10-07','presente'),(295408,315,'2025-10-07','presente'),(295410,317,'2025-10-07','presente'),(295411,318,'2025-10-07','presente'),(295414,321,'2025-10-07','presente'),(295415,322,'2025-10-07','presente'),(295418,325,'2025-10-07','presente'),(295419,326,'2025-10-07','presente'),(295421,328,'2025-10-07','presente'),(295422,329,'2025-10-07','presente'),(295427,334,'2025-10-07','presente'),(302201,443,'2025-10-07','presente'),(302202,444,'2025-10-07','presente'),(302204,446,'2025-10-07','presente'),(302205,447,'2025-10-07','presente'),(302206,448,'2025-10-07','presente'),(302207,449,'2025-10-07','presente'),(302208,450,'2025-10-07','presente'),(302209,451,'2025-10-07','presente'),(302211,453,'2025-10-07','presente'),(302214,456,'2025-10-07','presente'),(302215,457,'2025-10-07','presente'),(302216,458,'2025-10-07','presente'),(302217,459,'2025-10-07','presente'),(302218,460,'2025-10-07','presente'),(302219,461,'2025-10-07','presente'),(302220,462,'2025-10-07','presente'),(302221,463,'2025-10-07','presente'),(302222,464,'2025-10-07','presente'),(302223,465,'2025-10-07','presente'),(302224,466,'2025-10-07','presente'),(327159,421,'2025-10-07','presente'),(327160,422,'2025-10-07','presente'),(327161,423,'2025-10-07','presente'),(327162,424,'2025-10-07','presente'),(327164,426,'2025-10-07','presente'),(327165,427,'2025-10-07','presente'),(327167,429,'2025-10-07','presente'),(327168,430,'2025-10-07','presente'),(327169,431,'2025-10-07','presente'),(327172,434,'2025-10-07','presente'),(327173,435,'2025-10-07','presente'),(327174,436,'2025-10-07','presente'),(327177,439,'2025-10-07','presente'),(327178,440,'2025-10-07','presente'),(327179,441,'2025-10-07','presente'),(327180,442,'2025-10-07','presente'),(335851,392,'2025-10-07','presente'),(335853,394,'2025-10-07','presente'),(335854,395,'2025-10-07','presente'),(335855,396,'2025-10-07','presente'),(335857,398,'2025-10-07','presente'),(335858,399,'2025-10-07','presente'),(335859,400,'2025-10-07','presente'),(335861,402,'2025-10-07','presente'),(335862,403,'2025-10-07','presente'),(335863,404,'2025-10-07','presente'),(335864,405,'2025-10-07','presente'),(335865,406,'2025-10-07','presente'),(335867,408,'2025-10-07','presente'),(335868,409,'2025-10-07','presente'),(335869,410,'2025-10-07','presente'),(335870,411,'2025-10-07','presente'),(335873,414,'2025-10-07','presente'),(335874,415,'2025-10-07','presente'),(335875,416,'2025-10-07','presente'),(335877,418,'2025-10-07','presente'),(352725,533,'2025-10-08','presente'),(352726,534,'2025-10-08','presente'),(352730,538,'2025-10-08','presente'),(352731,542,'2025-10-08','presente'),(352734,550,'2025-10-08','presente'),(352735,559,'2025-10-08','presente'),(352736,484,'2025-10-08','presente'),(352737,564,'2025-10-08','presente'),(352738,537,'2025-10-08','presente'),(352739,545,'2025-10-08','presente'),(352740,556,'2025-10-08','presente'),(352741,574,'2025-10-08','presente'),(352743,573,'2025-10-08','presente'),(352744,555,'2025-10-08','presente'),(352745,566,'2025-10-08','presente'),(352746,539,'2025-10-08','presente'),(352747,561,'2025-10-08','presente'),(352748,620,'2025-10-08','presente'),(352749,552,'2025-10-08','presente'),(352750,565,'2025-10-08','presente'),(352751,567,'2025-10-08','presente'),(352753,572,'2025-10-08','presente'),(352754,571,'2025-10-08','presente'),(352755,535,'2025-10-08','presente'),(352756,529,'2025-10-08','presente'),(352757,548,'2025-10-08','presente'),(352759,560,'2025-10-08','presente'),(352760,562,'2025-10-08','presente'),(352761,575,'2025-10-08','presente'),(352762,558,'2025-10-08','presente'),(352763,546,'2025-10-08','presente'),(352764,613,'2025-10-08','presente'),(352765,583,'2025-10-08','presente'),(352766,581,'2025-10-08','presente'),(352767,601,'2025-10-08','presente'),(352768,598,'2025-10-08','presente'),(352769,577,'2025-10-08','presente'),(352770,595,'2025-10-08','presente'),(352771,603,'2025-10-08','presente'),(352772,579,'2025-10-08','presente'),(352773,592,'2025-10-08','presente'),(352774,590,'2025-10-08','presente'),(352775,589,'2025-10-08','presente'),(352776,600,'2025-10-08','presente'),(352777,606,'2025-10-08','presente'),(352778,593,'2025-10-08','presente'),(352779,599,'2025-10-08','presente'),(352780,602,'2025-10-08','presente'),(352781,580,'2025-10-08','presente'),(352782,578,'2025-10-08','presente'),(352783,604,'2025-10-08','presente'),(352784,591,'2025-10-08','presente'),(352785,536,'2025-10-08','presente'),(352787,614,'2025-10-08','presente'),(352788,616,'2025-10-08','presente'),(352792,483,'2025-10-08','presente'),(352793,618,'2025-10-08','presente'),(352794,500,'2025-10-08','presente'),(352795,621,'2025-10-08','presente'),(352796,623,'2025-10-08','presente'),(352797,501,'2025-10-08','presente'),(352798,624,'2025-10-08','presente'),(352799,628,'2025-10-08','presente'),(352800,507,'2025-10-08','presente'),(352801,596,'2025-10-08','presente'),(352802,517,'2025-10-08','presente'),(352803,480,'2025-10-08','presente'),(352804,491,'2025-10-08','presente'),(352805,510,'2025-10-08','presente'),(352806,493,'2025-10-08','presente'),(352807,512,'2025-10-08','presente'),(352808,471,'2025-10-08','presente'),(352809,518,'2025-10-08','presente'),(352810,524,'2025-10-08','presente'),(352811,499,'2025-10-08','presente'),(352812,475,'2025-10-08','presente'),(352813,528,'2025-10-08','presente'),(352814,514,'2025-10-08','presente'),(352815,521,'2025-10-08','presente'),(352817,511,'2025-10-08','presente'),(352818,508,'2025-10-08','presente'),(352819,502,'2025-10-08','presente'),(352820,522,'2025-10-08','presente'),(352821,526,'2025-10-08','presente'),(352822,469,'2025-10-08','presente'),(352823,467,'2025-10-08','presente'),(352824,516,'2025-10-08','presente'),(352825,496,'2025-10-08','presente'),(352826,513,'2025-10-08','presente'),(352827,468,'2025-10-08','presente'),(352828,494,'2025-10-08','presente'),(352829,476,'2025-10-08','presente'),(352830,519,'2025-10-08','presente'),(352831,495,'2025-10-08','presente'),(352832,474,'2025-10-08','presente'),(352833,530,'2025-10-08','presente'),(352834,503,'2025-10-08','presente'),(352835,525,'2025-10-08','presente'),(352836,489,'2025-10-08','presente'),(352838,485,'2025-10-08','presente'),(352839,531,'2025-10-08','presente'),(352840,515,'2025-10-08','presente'),(352841,527,'2025-10-08','presente'),(352842,492,'2025-10-08','presente'),(352843,486,'2025-10-08','presente'),(352844,504,'2025-10-08','presente'),(352847,267,'2025-10-08','presente'),(352848,339,'2025-10-08','presente'),(352849,293,'2025-10-08','presente'),(352851,363,'2025-10-08','presente'),(352852,264,'2025-10-08','presente'),(352853,278,'2025-10-08','presente'),(352854,318,'2025-10-08','presente'),(352856,325,'2025-10-08','presente'),(352857,329,'2025-10-08','presente'),(352858,315,'2025-10-08','presente'),(352859,348,'2025-10-08','presente'),(352860,334,'2025-10-08','presente'),(352861,266,'2025-10-08','presente'),(352863,365,'2025-10-08','presente'),(352864,296,'2025-10-08','presente'),(352865,297,'2025-10-08','presente'),(352866,321,'2025-10-08','presente'),(352867,303,'2025-10-08','presente'),(352868,306,'2025-10-08','presente'),(352869,337,'2025-10-08','presente'),(352872,335,'2025-10-08','presente'),(352874,309,'2025-10-08','presente'),(352875,286,'2025-10-08','presente'),(352876,271,'2025-10-08','presente'),(352877,292,'2025-10-08','presente'),(352878,326,'2025-10-08','presente'),(352879,328,'2025-10-08','presente'),(352880,285,'2025-10-08','presente'),(352882,284,'2025-10-08','presente'),(352883,265,'2025-10-08','presente'),(352884,281,'2025-10-08','presente'),(352885,276,'2025-10-08','presente'),(352886,367,'2025-10-08','presente'),(352887,359,'2025-10-08','presente'),(352888,269,'2025-10-08','presente'),(352889,317,'2025-10-08','presente'),(352890,274,'2025-10-08','presente'),(352891,282,'2025-10-08','presente'),(352892,340,'2025-10-08','presente'),(352893,311,'2025-10-08','presente'),(352894,355,'2025-10-08','presente'),(352895,316,'2025-10-08','presente'),(352896,379,'2025-10-08','presente'),(352897,273,'2025-10-08','presente'),(352898,369,'2025-10-08','presente'),(352899,362,'2025-10-08','presente'),(352900,279,'2025-10-08','presente'),(352901,272,'2025-10-08','presente'),(352902,277,'2025-10-08','presente'),(352903,304,'2025-10-08','presente'),(352904,331,'2025-10-08','presente'),(352905,354,'2025-10-08','presente'),(352906,333,'2025-10-08','presente'),(352907,327,'2025-10-08','presente'),(352908,283,'2025-10-08','presente'),(352909,289,'2025-10-08','presente'),(352910,275,'2025-10-08','presente'),(352911,290,'2025-10-08','presente'),(352912,287,'2025-10-08','presente'),(352914,320,'2025-10-08','presente'),(352915,332,'2025-10-08','presente'),(352916,305,'2025-10-08','presente'),(352917,298,'2025-10-08','presente'),(352918,381,'2025-10-08','presente'),(352919,336,'2025-10-08','presente'),(352920,314,'2025-10-08','presente'),(352921,300,'2025-10-08','presente'),(352922,341,'2025-10-08','presente'),(352923,356,'2025-10-08','presente'),(352924,389,'2025-10-08','presente'),(352925,464,'2025-10-08','presente'),(352926,374,'2025-10-08','presente'),(352927,375,'2025-10-08','presente'),(352928,373,'2025-10-08','presente'),(352929,377,'2025-10-08','presente'),(352930,388,'2025-10-08','presente'),(352932,387,'2025-10-08','presente'),(352933,390,'2025-10-08','presente'),(352934,380,'2025-10-08','presente'),(352935,360,'2025-10-08','presente'),(352937,376,'2025-10-08','presente'),(352938,372,'2025-10-08','presente'),(352939,352,'2025-10-08','presente'),(352940,347,'2025-10-08','presente'),(352941,346,'2025-10-08','presente'),(352942,342,'2025-10-08','presente'),(352944,343,'2025-10-08','presente'),(352945,349,'2025-10-08','presente'),(352946,366,'2025-10-08','presente'),(352947,338,'2025-10-08','presente'),(352948,446,'2025-10-08','presente'),(352949,458,'2025-10-08','presente'),(352950,443,'2025-10-08','presente'),(352951,383,'2025-10-08','presente'),(352952,357,'2025-10-08','presente'),(352953,447,'2025-10-08','presente'),(352954,448,'2025-10-08','presente'),(352955,351,'2025-10-08','presente'),(352956,449,'2025-10-08','presente'),(352957,451,'2025-10-08','presente'),(352958,453,'2025-10-08','presente'),(352960,454,'2025-10-08','presente'),(352961,455,'2025-10-08','presente'),(352962,456,'2025-10-08','presente'),(352963,457,'2025-10-08','presente'),(352964,459,'2025-10-08','presente'),(352965,461,'2025-10-08','presente'),(352966,462,'2025-10-08','presente'),(352967,466,'2025-10-08','presente'),(352968,445,'2025-10-08','presente'),(352969,422,'2025-10-08','presente'),(352970,424,'2025-10-08','presente'),(352971,427,'2025-10-08','presente'),(352972,433,'2025-10-08','presente'),(352973,434,'2025-10-08','presente'),(352974,440,'2025-10-08','presente'),(352975,441,'2025-10-08','presente'),(352976,442,'2025-10-08','presente'),(352977,430,'2025-10-08','presente'),(352978,429,'2025-10-08','presente'),(352979,345,'2025-10-08','presente'),(352981,431,'2025-10-08','presente'),(352982,425,'2025-10-08','presente'),(352983,313,'2025-10-08','presente'),(352984,323,'2025-10-08','presente'),(352985,435,'2025-10-08','presente'),(352989,418,'2025-10-08','presente'),(352990,394,'2025-10-08','presente'),(352991,403,'2025-10-08','presente'),(352992,408,'2025-10-08','presente'),(352993,413,'2025-10-08','presente'),(352994,415,'2025-10-08','presente'),(352995,406,'2025-10-08','presente'),(352996,395,'2025-10-08','presente'),(352997,414,'2025-10-08','presente'),(352998,399,'2025-10-08','presente'),(353000,400,'2025-10-08','presente'),(353001,402,'2025-10-08','presente'),(353002,392,'2025-10-08','presente'),(353003,417,'2025-10-08','presente'),(353005,416,'2025-10-08','presente'),(353007,412,'2025-10-08','presente'),(353010,410,'2025-10-08','presente'),(353011,409,'2025-10-08','presente'),(353012,398,'2025-10-08','presente'),(353013,419,'2025-10-08','presente'),(353014,397,'2025-10-08','presente'),(353016,396,'2025-10-08','presente'),(353017,420,'2025-10-08','presente'),(353018,542,'2025-10-09','presente'),(353019,559,'2025-10-09','presente'),(353020,569,'2025-10-09','presente'),(353022,570,'2025-10-09','presente'),(353025,534,'2025-10-09','presente'),(353026,484,'2025-10-09','presente'),(353028,533,'2025-10-09','presente'),(353029,550,'2025-10-09','presente'),(353030,538,'2025-10-09','presente'),(353031,563,'2025-10-09','presente'),(353032,568,'2025-10-09','presente'),(353033,564,'2025-10-09','presente'),(353034,573,'2025-10-09','presente'),(353035,557,'2025-10-09','presente'),(353036,555,'2025-10-09','presente'),(353037,566,'2025-10-09','presente'),(353038,545,'2025-10-09','presente'),(353039,539,'2025-10-09','presente'),(353040,561,'2025-10-09','presente'),(353041,543,'2025-10-09','presente'),(353042,571,'2025-10-09','presente'),(353043,572,'2025-10-09','presente'),(353044,567,'2025-10-09','presente'),(353045,535,'2025-10-09','presente'),(353046,548,'2025-10-09','presente'),(353047,558,'2025-10-09','presente'),(353049,552,'2025-10-09','presente'),(353050,541,'2025-10-09','presente'),(353051,565,'2025-10-09','presente'),(353053,562,'2025-10-09','presente'),(353054,560,'2025-10-09','presente'),(353055,575,'2025-10-09','presente'),(353056,549,'2025-10-09','presente'),(353057,547,'2025-10-09','presente'),(353058,546,'2025-10-09','presente'),(353059,529,'2025-10-09','presente'),(353060,477,'2025-10-09','presente'),(353061,520,'2025-10-09','presente'),(353062,608,'2025-10-09','presente'),(353064,609,'2025-10-09','presente'),(353065,483,'2025-10-09','presente'),(353066,501,'2025-10-09','presente'),(353067,507,'2025-10-09','presente'),(353068,500,'2025-10-09','presente'),(353069,480,'2025-10-09','presente'),(353070,471,'2025-10-09','presente'),(353072,493,'2025-10-09','presente'),(353073,510,'2025-10-09','presente'),(353074,499,'2025-10-09','presente'),(353075,508,'2025-10-09','presente'),(353076,521,'2025-10-09','presente'),(353077,489,'2025-10-09','presente'),(353078,488,'2025-10-09','presente'),(353081,526,'2025-10-09','presente'),(353082,467,'2025-10-09','presente'),(353083,469,'2025-10-09','presente'),(353084,518,'2025-10-09','presente'),(353085,468,'2025-10-09','presente'),(353086,513,'2025-10-09','presente'),(353087,476,'2025-10-09','presente'),(353088,494,'2025-10-09','presente'),(353089,524,'2025-10-09','presente'),(353090,474,'2025-10-09','presente'),(353091,475,'2025-10-09','presente'),(353092,530,'2025-10-09','presente'),(353093,519,'2025-10-09','presente'),(353094,495,'2025-10-09','presente'),(353095,525,'2025-10-09','presente'),(353096,485,'2025-10-09','presente'),(353097,503,'2025-10-09','presente'),(353098,514,'2025-10-09','presente'),(353100,531,'2025-10-09','presente'),(353101,492,'2025-10-09','presente'),(353102,504,'2025-10-09','presente'),(353103,604,'2025-10-09','presente'),(353104,590,'2025-10-09','presente'),(353106,589,'2025-10-09','presente'),(353107,601,'2025-10-09','presente'),(353108,581,'2025-10-09','presente'),(353109,584,'2025-10-09','presente'),(353110,577,'2025-10-09','presente'),(353111,583,'2025-10-09','presente'),(353112,579,'2025-10-09','presente'),(353113,599,'2025-10-09','presente'),(353114,595,'2025-10-09','presente'),(353115,605,'2025-10-09','presente'),(353116,600,'2025-10-09','presente'),(353117,578,'2025-10-09','presente'),(353120,602,'2025-10-09','presente'),(353121,597,'2025-10-09','presente'),(353122,596,'2025-10-09','presente'),(353123,591,'2025-10-09','presente'),(353124,593,'2025-10-09','presente'),(353125,588,'2025-10-09','presente'),(353126,576,'2025-10-09','presente'),(353127,582,'2025-10-09','presente'),(353128,614,'2025-10-09','presente'),(353129,615,'2025-10-09','presente'),(353130,616,'2025-10-09','presente'),(353131,618,'2025-10-09','presente'),(353132,619,'2025-10-09','presente'),(353133,620,'2025-10-09','presente'),(353134,621,'2025-10-09','presente'),(353135,622,'2025-10-09','presente'),(353136,623,'2025-10-09','presente'),(353137,624,'2025-10-09','presente'),(353138,628,'2025-10-09','presente'),(353139,613,'2025-10-09','presente'),(353140,626,'2025-10-09','presente'),(353141,264,'2025-10-09','presente'),(353142,265,'2025-10-09','presente'),(353143,266,'2025-10-09','presente'),(353144,267,'2025-10-09','presente'),(353145,268,'2025-10-09','presente'),(353148,271,'2025-10-09','presente'),(353149,272,'2025-10-09','presente'),(353150,273,'2025-10-09','presente'),(353151,274,'2025-10-09','presente'),(353152,275,'2025-10-09','presente'),(353153,276,'2025-10-09','presente'),(353156,279,'2025-10-09','presente'),(353157,280,'2025-10-09','presente'),(353158,281,'2025-10-09','presente'),(353159,282,'2025-10-09','presente'),(353160,283,'2025-10-09','presente'),(353161,284,'2025-10-09','presente'),(353162,285,'2025-10-09','presente'),(353163,286,'2025-10-09','presente'),(353164,287,'2025-10-09','presente'),(353166,289,'2025-10-09','presente'),(353167,290,'2025-10-09','presente'),(353168,291,'2025-10-09','presente'),(353169,292,'2025-10-09','presente'),(353170,293,'2025-10-09','presente'),(353173,296,'2025-10-09','presente'),(353174,297,'2025-10-09','presente'),(353175,298,'2025-10-09','presente'),(353177,300,'2025-10-09','presente'),(353178,301,'2025-10-09','presente'),(353179,302,'2025-10-09','presente'),(353180,303,'2025-10-09','presente'),(353181,304,'2025-10-09','presente'),(353183,306,'2025-10-09','presente'),(353184,307,'2025-10-09','presente'),(353185,308,'2025-10-09','presente'),(353186,309,'2025-10-09','presente'),(353188,311,'2025-10-09','presente'),(353190,313,'2025-10-09','presente'),(353191,314,'2025-10-09','presente'),(353192,315,'2025-10-09','presente'),(353194,317,'2025-10-09','presente'),(353195,318,'2025-10-09','presente'),(353197,320,'2025-10-09','presente'),(353198,321,'2025-10-09','presente'),(353200,323,'2025-10-09','presente'),(353202,325,'2025-10-09','presente'),(353203,326,'2025-10-09','presente'),(353204,327,'2025-10-09','presente'),(353205,328,'2025-10-09','presente'),(353207,330,'2025-10-09','presente'),(353208,331,'2025-10-09','presente'),(353209,332,'2025-10-09','presente'),(353210,333,'2025-10-09','presente'),(353211,334,'2025-10-09','presente'),(353212,335,'2025-10-09','presente'),(353213,336,'2025-10-09','presente'),(353214,337,'2025-10-09','presente'),(355337,379,'2025-10-09','presente'),(355522,363,'2025-10-09','presente'),(357902,348,'2025-10-09','presente'),(357904,367,'2025-10-09','presente'),(357906,359,'2025-10-09','presente'),(358639,340,'2025-10-09','presente'),(358640,355,'2025-10-09','presente'),(358824,354,'2025-10-09','presente'),(360106,338,'2025-10-09','presente'),(360290,447,'2025-10-09','presente'),(360291,446,'2025-10-09','presente'),(360294,458,'2025-10-09','presente'),(360661,365,'2025-10-09','presente'),(360662,374,'2025-10-09','presente'),(360663,377,'2025-10-09','presente'),(360847,388,'2025-10-09','presente'),(360848,387,'2025-10-09','presente'),(360849,390,'2025-10-09','presente'),(360850,375,'2025-10-09','presente'),(360851,372,'2025-10-09','presente'),(360852,352,'2025-10-09','presente'),(360853,351,'2025-10-09','presente'),(360854,371,'2025-10-09','presente'),(360855,349,'2025-10-09','presente'),(360856,342,'2025-10-09','presente'),(360857,380,'2025-10-09','presente'),(360858,343,'2025-10-09','presente'),(360860,382,'2025-10-09','presente'),(360861,347,'2025-10-09','presente'),(360862,345,'2025-10-09','presente'),(360863,443,'2025-10-09','presente'),(360864,444,'2025-10-09','presente'),(360866,445,'2025-10-09','presente'),(360872,356,'2025-10-09','presente'),(360875,360,'2025-10-09','presente'),(360876,373,'2025-10-09','presente'),(360879,448,'2025-10-09','presente'),(360880,449,'2025-10-09','presente'),(360883,450,'2025-10-09','presente'),(360885,452,'2025-10-09','presente'),(360888,453,'2025-10-09','presente'),(360889,454,'2025-10-09','presente'),(360890,456,'2025-10-09','presente'),(360891,457,'2025-10-09','presente'),(360893,459,'2025-10-09','presente'),(360895,389,'2025-10-09','presente'),(360897,461,'2025-10-09','presente'),(360900,463,'2025-10-09','presente'),(360901,366,'2025-10-09','presente'),(360902,381,'2025-10-09','presente'),(360903,466,'2025-10-09','presente'),(360905,426,'2025-10-09','presente'),(360906,429,'2025-10-09','presente'),(360907,430,'2025-10-09','presente'),(360908,428,'2025-10-09','presente'),(360909,424,'2025-10-09','presente'),(360910,442,'2025-10-09','presente'),(360912,376,'2025-10-09','presente'),(360913,341,'2025-10-09','presente'),(360914,383,'2025-10-09','presente'),(360915,357,'2025-10-09','presente'),(360916,434,'2025-10-09','presente'),(360918,433,'2025-10-09','presente'),(360919,427,'2025-10-09','presente'),(360920,422,'2025-10-09','presente'),(360921,346,'2025-10-09','presente'),(360925,425,'2025-10-09','presente'),(360926,440,'2025-10-09','presente'),(360927,431,'2025-10-09','presente'),(360929,436,'2025-10-09','presente'),(360933,394,'2025-10-09','presente'),(360935,395,'2025-10-09','presente'),(360936,403,'2025-10-09','presente'),(360937,418,'2025-10-09','presente'),(360938,414,'2025-10-09','presente'),(360940,415,'2025-10-09','presente'),(360943,406,'2025-10-09','presente'),(360944,393,'2025-10-09','presente'),(360945,402,'2025-10-09','presente'),(360946,400,'2025-10-09','presente'),(360948,399,'2025-10-09','presente'),(360950,405,'2025-10-09','presente'),(360951,392,'2025-10-09','presente'),(360952,416,'2025-10-09','presente'),(360954,417,'2025-10-09','presente'),(360955,404,'2025-10-09','presente'),(360956,410,'2025-10-09','presente'),(360957,419,'2025-10-09','presente'),(360958,397,'2025-10-09','presente'),(360959,412,'2025-10-09','presente'),(360960,409,'2025-10-09','presente'),(360961,534,'2025-10-10','presente'),(360962,542,'2025-10-10','presente'),(360963,550,'2025-10-10','presente'),(360964,533,'2025-10-10','presente'),(360965,538,'2025-10-10','presente'),(360966,568,'2025-10-10','presente'),(360967,539,'2025-10-10','presente'),(360968,552,'2025-10-10','presente'),(360969,567,'2025-10-10','presente'),(360970,560,'2025-10-10','presente'),(360971,558,'2025-10-10','presente'),(360972,575,'2025-10-10','presente'),(360973,473,'2025-10-10','presente'),(360974,584,'2025-10-10','presente'),(360975,589,'2025-10-10','presente'),(360976,608,'2025-10-10','presente'),(360977,467,'2025-08-10','presente'),(360978,468,'2025-08-10','presente'),(360979,538,'2025-10-13','presente'),(360980,534,'2025-10-13','presente'),(360981,542,'2025-10-13','presente'),(360982,559,'2025-10-13','presente'),(360983,533,'2025-10-13','presente'),(360984,550,'2025-10-13','presente'),(360985,483,'2025-10-13','presente'),(360986,563,'2025-10-13','presente'),(360987,556,'2025-10-13','presente'),(360988,566,'2025-10-13','presente'),(360989,557,'2025-10-13','presente'),(360990,540,'2025-10-13','presente'),(360991,499,'2025-10-13','presente'),(360992,500,'2025-10-13','presente'),(360994,502,'2025-10-13','presente'),(360995,501,'2025-10-13','presente'),(361002,488,'2025-10-13','presente'),(361003,503,'2025-10-13','presente'),(361004,504,'2025-10-13','presente'),(361005,519,'2025-10-13','presente'),(361050,479,'2025-10-13','presente'),(361051,481,'2025-10-13','presente'),(361052,527,'2025-10-13','presente'),(361053,572,'2025-10-13','presente'),(361054,565,'2025-10-13','presente'),(361055,567,'2025-10-13','presente'),(361056,552,'2025-10-13','presente'),(361057,535,'2025-10-13','presente'),(361058,548,'2025-10-13','presente'),(361059,541,'2025-10-13','presente'),(361061,474,'2025-10-13','presente'),(361062,525,'2025-10-13','presente'),(361063,513,'2025-10-13','presente'),(361064,468,'2025-10-13','presente'),(361065,491,'2025-10-13','presente'),(361066,473,'2025-10-13','presente'),(361067,560,'2025-10-13','presente'),(361068,558,'2025-10-13','presente'),(361069,575,'2025-10-13','presente'),(361070,562,'2025-10-13','presente'),(361071,549,'2025-10-13','presente'),(361072,507,'2025-10-13','presente'),(361073,477,'2025-10-13','presente'),(361074,528,'2025-10-13','presente'),(361075,608,'2025-10-13','presente'),(361076,471,'2025-10-13','presente'),(361077,539,'2025-10-13','presente'),(361078,561,'2025-10-13','presente'),(361079,480,'2025-10-13','presente'),(361080,531,'2025-10-13','presente'),(361081,475,'2025-10-13','presente'),(361083,476,'2025-10-13','presente'),(361086,521,'2025-10-13','presente'),(361087,510,'2025-10-13','presente'),(361088,469,'2025-10-13','presente'),(361089,522,'2025-10-13','presente'),(361090,496,'2025-10-13','presente'),(361091,495,'2025-10-13','presente'),(361092,467,'2025-10-13','presente'),(361093,508,'2025-10-13','presente'),(361094,609,'2025-10-13','presente'),(361095,532,'2025-10-13','presente'),(361096,624,'2025-10-13','presente'),(361097,625,'2025-10-13','presente'),(361098,628,'2025-10-13','presente'),(361099,617,'2025-10-13','presente'),(361100,623,'2025-10-13','presente'),(361101,621,'2025-10-13','presente'),(361104,620,'2025-10-13','presente'),(361109,537,'2025-10-13','presente'),(361110,472,'2025-10-13','presente'),(361111,546,'2025-10-13','presente'),(361112,553,'2025-10-13','presente'),(361113,517,'2025-10-13','presente'),(361114,466,'2025-10-13','presente'),(361115,448,'2025-10-13','presente'),(361116,449,'2025-10-13','presente'),(361117,465,'2025-10-13','presente'),(361118,463,'2025-10-13','presente'),(361122,453,'2025-10-13','presente'),(361124,454,'2025-10-13','presente'),(361127,348,'2025-10-13','presente'),(361128,363,'2025-10-13','presente'),(361129,447,'2025-10-13','presente'),(361130,367,'2025-10-13','presente'),(361132,359,'2025-10-13','presente'),(361133,370,'2025-10-13','presente'),(361134,339,'2025-10-13','presente'),(361138,340,'2025-10-13','presente'),(361139,355,'2025-10-13','presente'),(361140,354,'2025-10-13','presente'),(361141,438,'2025-10-13','presente'),(361142,441,'2025-10-13','presente'),(361143,430,'2025-10-13','presente'),(361144,429,'2025-10-13','presente'),(361145,338,'2025-10-13','presente'),(361146,381,'2025-10-13','presente'),(361147,342,'2025-10-13','presente'),(361148,371,'2025-10-13','presente'),(361149,365,'2025-10-13','presente'),(361150,374,'2025-10-13','presente'),(361151,360,'2025-10-13','presente'),(361153,346,'2025-10-13','presente'),(361154,389,'2025-10-13','presente'),(361155,387,'2025-10-13','presente'),(361156,384,'2025-10-13','presente'),(361157,377,'2025-10-13','presente'),(361158,376,'2025-10-13','presente'),(361159,375,'2025-10-13','presente'),(361161,380,'2025-10-13','presente'),(361162,460,'2025-10-13','presente'),(361163,451,'2025-10-13','presente'),(361164,356,'2025-10-13','presente'),(361165,349,'2025-10-13','presente'),(361166,388,'2025-10-13','presente'),(361167,373,'2025-10-13','presente'),(361168,446,'2025-10-13','presente'),(361169,458,'2025-10-13','presente'),(361170,351,'2025-10-13','presente'),(361171,366,'2025-10-13','presente'),(361172,428,'2025-10-13','presente'),(361174,431,'2025-10-13','presente'),(361175,265,'2025-10-13','presente'),(361177,266,'2025-10-13','presente'),(361178,267,'2025-10-13','presente'),(361179,268,'2025-10-13','presente'),(361180,357,'2025-10-13','presente'),(361181,273,'2025-10-13','presente'),(361182,275,'2025-10-13','presente'),(361183,280,'2025-10-13','presente'),(361184,282,'2025-10-13','presente'),(361185,283,'2025-10-13','presente'),(361186,285,'2025-10-13','presente'),(361187,286,'2025-10-13','presente'),(361188,287,'2025-10-13','presente'),(361189,288,'2025-10-13','presente'),(361190,289,'2025-10-13','presente'),(361191,290,'2025-10-13','presente'),(361192,383,'2025-10-13','presente'),(361193,325,'2025-10-13','presente'),(361194,329,'2025-10-13','presente'),(361195,326,'2025-10-13','presente'),(361196,313,'2025-10-13','presente'),(361197,322,'2025-10-13','presente'),(361198,306,'2025-10-13','presente'),(361199,296,'2025-10-13','presente'),(361200,334,'2025-10-13','presente'),(361201,315,'2025-10-13','presente'),(361202,311,'2025-10-13','presente'),(361203,292,'2025-10-13','presente'),(361204,321,'2025-10-13','presente'),(361205,298,'2025-10-13','presente'),(361206,316,'2025-10-13','presente'),(361207,305,'2025-10-13','presente'),(361208,320,'2025-10-13','presente'),(361209,297,'2025-10-13','presente'),(361210,333,'2025-10-13','presente'),(361211,304,'2025-10-13','presente'),(361212,314,'2025-10-13','presente'),(361213,336,'2025-10-13','presente'),(361214,337,'2025-10-13','presente'),(361215,332,'2025-10-13','presente'),(361216,318,'2025-10-13','presente'),(361217,331,'2025-10-13','presente'),(361218,307,'2025-10-13','presente'),(361219,323,'2025-10-13','presente'),(361220,300,'2025-10-13','presente'),(361221,293,'2025-10-13','presente'),(361222,302,'2025-10-13','presente'),(361223,328,'2025-10-13','presente'),(361224,335,'2025-10-13','presente'),(361225,303,'2025-10-13','presente'),(361226,364,'2025-10-13','presente'),(361227,278,'2025-10-13','presente'),(361228,423,'2025-10-13','presente'),(361229,433,'2025-10-13','presente'),(361230,432,'2025-10-13','presente'),(361231,443,'2025-10-13','presente'),(361233,422,'2025-10-13','presente'),(361234,425,'2025-10-13','presente'),(361235,440,'2025-10-13','presente'),(361236,436,'2025-10-13','presente'),(361237,435,'2025-10-13','presente'),(361241,542,'2025-10-14','presente'),(361242,559,'2025-10-14','presente'),(361243,569,'2025-10-14','presente'),(361245,570,'2025-10-14','presente'),(361246,563,'2025-10-14','presente'),(361247,534,'2025-10-14','presente'),(361248,550,'2025-10-14','presente'),(361249,533,'2025-10-14','presente'),(361250,484,'2025-10-14','presente'),(361251,492,'2025-10-14','presente'),(361252,497,'2025-10-14','presente'),(361253,514,'2025-10-14','presente'),(361254,506,'2025-10-14','presente'),(361255,568,'2025-10-14','presente'),(361256,499,'2025-10-14','presente'),(361257,537,'2025-10-14','presente'),(361258,556,'2025-10-14','presente'),(361259,488,'2025-10-14','presente'),(361260,519,'2025-10-14','presente'),(361261,545,'2025-10-14','presente'),(361262,564,'2025-10-14','presente'),(361263,573,'2025-10-14','presente'),(361264,530,'2025-10-14','presente'),(361265,557,'2025-10-14','presente'),(361266,555,'2025-10-14','presente'),(361267,612,'2025-10-14','presente'),(361291,538,'2025-10-14','presente'),(361358,527,'2025-10-14','presente'),(361359,546,'2025-10-14','presente'),(361360,561,'2025-10-14','presente'),(361361,469,'2025-10-14','ausente'),(361364,552,'2025-10-14','presente'),(361365,565,'2025-10-14','presente'),(361366,567,'2025-10-14','presente'),(361367,541,'2025-10-14','presente'),(361368,548,'2025-10-14','presente'),(361369,535,'2025-10-14','presente'),(361370,507,'2025-10-14','presente'),(361371,549,'2025-10-14','presente'),(361372,558,'2025-10-14','presente'),(361373,562,'2025-10-14','presente'),(361374,575,'2025-10-14','presente'),(361375,560,'2025-10-14','presente'),(361376,474,'2025-10-14','presente'),(361377,500,'2025-10-14','presente'),(361378,468,'2025-10-14','ausente'),(361379,491,'2025-10-14','presente'),(361381,503,'2025-10-14','presente'),(361382,525,'2025-10-14','presente'),(361383,467,'2025-10-14','presente'),(361387,470,'2025-10-14','ausente'),(361390,473,'2025-10-14','ausente'),(361392,471,'2025-10-14','presente'),(361393,472,'2025-10-14','ausente'),(361457,608,'2025-10-14','presente'),(361458,607,'2025-10-14','presente'),(361459,477,'2025-10-14','presente'),(361460,528,'2025-10-14','presente'),(361462,480,'2025-10-14','presente'),(361470,521,'2025-10-14','presente'),(361471,501,'2025-10-14','presente'),(361472,502,'2025-10-14','presente'),(361473,475,'2025-10-14','presente'),(361474,476,'2025-10-14','presente'),(361477,493,'2025-10-14','presente'),(361478,531,'2025-10-14','presente'),(361479,510,'2025-10-14','presente'),(361480,508,'2025-10-14','presente'),(361481,487,'2025-10-14','presente'),(361483,539,'2025-10-14','presente'),(361484,614,'2025-10-14','presente'),(361485,617,'2025-10-14','presente'),(361486,618,'2025-10-14','presente'),(361487,619,'2025-10-14','presente'),(361488,620,'2025-10-14','presente'),(361490,621,'2025-10-14','presente'),(361491,622,'2025-10-14','presente'),(361492,623,'2025-10-14','presente'),(361493,624,'2025-10-14','presente'),(361494,628,'2025-10-14','presente'),(361495,581,'2025-10-14','presente'),(361496,601,'2025-10-14','presente'),(361497,598,'2025-10-14','presente'),(361498,582,'2025-10-14','presente'),(361499,600,'2025-10-14','presente'),(361500,602,'2025-10-14','presente'),(361501,595,'2025-10-14','presente'),(361502,606,'2025-10-14','presente'),(361503,592,'2025-10-14','presente'),(361504,599,'2025-10-14','presente'),(361505,590,'2025-10-14','presente'),(361507,596,'2025-10-14','presente'),(361508,597,'2025-10-14','presente'),(361509,603,'2025-10-14','presente'),(361510,579,'2025-10-14','presente'),(361511,604,'2025-10-14','presente'),(361513,591,'2025-10-14','presente'),(361514,584,'2025-10-14','presente'),(361515,576,'2025-10-14','presente'),(361516,593,'2025-10-14','presente'),(361518,583,'2025-10-14','presente'),(361519,517,'2025-10-14','presente'),(361520,626,'2025-10-14','presente');
/*!40000 ALTER TABLE `presenca` ENABLE KEYS */;
UNLOCK TABLES;

--
-- Table structure for table `professores`
--

DROP TABLE IF EXISTS `professores`;
/*!40101 SET @saved_cs_client     = @@character_set_client */;
/*!50503 SET character_set_client = utf8mb4 */;
CREATE TABLE `professores` (
  `id` int NOT NULL AUTO_INCREMENT,
  `nome` varchar(100) DEFAULT NULL,
  PRIMARY KEY (`id`)
) ENGINE=InnoDB AUTO_INCREMENT=21 DEFAULT CHARSET=utf8mb4 COLLATE=utf8mb4_0900_ai_ci;
/*!40101 SET character_set_client = @saved_cs_client */;

--
-- Dumping data for table `professores`
--

LOCK TABLES `professores` WRITE;
/*!40000 ALTER TABLE `professores` DISABLE KEYS */;
INSERT INTO `professores` VALUES (1,'Arlene '),(2,'Camila '),(3,'Douglas '),(4,'Ebelly '),(5,'Eloilson '),(6,'Esio '),(7,'Jéssica '),(8,'Josete '),(9,'Leonardo '),(10,'Lucivania '),(11,'Raquel Brito '),(12,'Raquel Da Guia'),(13,'Romário'),(14,'Rossálys'),(15,'Rosineide '),(16,'Tatiane '),(17,'Vagner'),(18,'Giovana'),(19,'Aula Tech'),(20,'Sala');
/*!40000 ALTER TABLE `professores` ENABLE KEYS */;
UNLOCK TABLES;
/*!40103 SET TIME_ZONE=@OLD_TIME_ZONE */;

/*!40101 SET SQL_MODE=@OLD_SQL_MODE */;
/*!40014 SET FOREIGN_KEY_CHECKS=@OLD_FOREIGN_KEY_CHECKS */;
/*!40014 SET UNIQUE_CHECKS=@OLD_UNIQUE_CHECKS */;
/*!40101 SET CHARACTER_SET_CLIENT=@OLD_CHARACTER_SET_CLIENT */;
/*!40101 SET CHARACTER_SET_RESULTS=@OLD_CHARACTER_SET_RESULTS */;
/*!40101 SET COLLATION_CONNECTION=@OLD_COLLATION_CONNECTION */;
/*!40111 SET SQL_NOTES=@OLD_SQL_NOTES */;

-- Dump completed on 2025-10-14 10:59:28
